Дата,Игрок,Мин. цена,Мин. время,Макс. цена,Макс. время
2025-02-28,Joško Gvardiol 101,38700000,22:58:56,38700000,22:58:56
2025-02-28,João Cancelo 101,113000000,00:05:56,113000000,00:05:56
2025-02-28,Marc Cucurella 101,133000000,22:37:10,133000000,22:37:10
2025-02-28,Nicolás Tagliafico 101,45500000,22:53:06,45500000,22:53:06
2025-02-28,Joško Gvardiol 102,242000000,22:36:46,242000000,22:36:46
2025-02-28,Marc Cucurella 100,427000000,23:10:34,427000000,23:10:34
2025-03-03,Joško Gvardiol 101,39300000,10:58:56,41100000,06:58:56
2025-03-03,João Cancelo 101,103000000,10:05:56,106000000,02:05:56
2025-03-03,Marc Cucurella 101,113000000,12:37:10,116000000,04:37:10
2025-03-03,Nicolás Tagliafico 101,41200000,02:53:06,42000000,08:53:06
2025-03-03,Joško Gvardiol 102,195000000,10:36:46,202000000,02:36:46
2025-03-03,Marc Cucurella 100,368000000,11:10:34,409000000,03:10:34
2025-03-03,Joško Gvardiol 101,40100000,14:58:56,41100000,18:58:56
2025-03-03,João Cancelo 101,104000000,12:05:56,107000000,20:05:56
2025-03-03,Marc Cucurella 101,0,12:37:10,113000000,12:37:10
2025-03-03,Nicolás Tagliafico 101,42300000,10:53:06,44100000,18:53:06
2025-03-03,Joško Gvardiol 102,195000000,12:36:46,201000000,18:36:46
2025-03-03,Marc Cucurella 100,367000000,11:10:34,405000000,19:10:34
2025-03-03,Vanderson 100,77600000,19:05:52,78700000,15:05:52
2025-03-03,Caio Henrique 98,32900000,11:05:35,33400000,15:05:35
2025-03-03,Joško Gvardiol 101,41200000,18:58:56,41800000,22:58:56
2025-03-03,João Cancelo 101,107000000,20:05:56,108000000,22:05:56
2025-03-03,Marc Cucurella 101,116000000,18:37:10,119000000,22:37:10
2025-03-03,Nicolás Tagliafico 101,44100000,22:53:06,44300000,18:53:06
2025-03-03,Joško Gvardiol 102,208000000,18:36:46,209000000,22:36:46
2025-03-03,Marc Cucurella 100,383000000,21:10:34,384000000,19:10:34
2025-03-03,Vanderson 100,78500000,19:05:52,78600000,23:05:52
2025-03-03,Caio Henrique 98,33000000,19:05:35,33400000,23:05:35
2025-03-03,David López 103,151000000,19:01:53,152000000,23:01:53
2025-03-03,Pedri 101,175000000,22:48:00,176000000,18:48:00
2025-03-03,Sander Berge 102,75900000,18:53:48,77900000,22:53:48
2025-03-03,Curtis Jones 102,79000000,19:01:55,79600000,23:01:55
Joško Gvardiol 101,2025-03-04,40400000,42900000,41522222.22,9
João Cancelo 101,2025-03-04,108000000,112000000,109800000.00,10
Marc Cucurella 101,2025-03-04,123000000,131000000,126700000.00,10
Nicolás Tagliafico 101,2025-03-04,43600000,46200000,45244444.44,9
Joško Gvardiol 102,2025-03-04,207000000,229000000,215500000.00,10
Marc Cucurella 100,2025-03-04,345000000,389000000,365000000.00,9
Vanderson 100,2025-03-04,75600000,82400000,78755555.56,9
Caio Henrique 98,2025-03-04,32200000,34300000,33144444.44,9
David López 103,2025-03-04,144000000,160000000,151444444.44,9
Pedri 101,2025-03-04,178000000,190000000,182000000.00,9
Sander Berge 102,2025-03-04,79100000,82500000,80422222.22,9
Curtis Jones 102,2025-03-04,75500000,83600000,79422222.22,9
Joško Gvardiol 101,2025-03-05,42000000,18:58:56,42800000,00:58:56,42275000.00,4
João Cancelo 101,2025-03-05,0,20:05:56,108000000,18:05:56,27000000.00,4
Marc Cucurella 101,2025-03-05,114000000,18:37:10,117000000,22:37:10,115750000.00,4
Nicolás Tagliafico 101,2025-03-05,43400000,20:53:06,44300000,22:53:06,43925000.00,4
Joško Gvardiol 102,2025-03-05,0,20:36:46,214000000,00:36:46,105250000.00,4
Marc Cucurella 100,2025-03-05,0,17:10:34,0,17:10:34,0.00,5
Vanderson 100,2025-03-05,90800000,17:05:52,93500000,23:05:52,92140000.00,5
Caio Henrique 98,2025-03-05,38500000,21:05:35,39000000,17:05:35,38820000.00,5
David López 103,2025-03-05,147000000,19:01:53,150000000,23:01:53,148750000.00,4
Pedri 101,2025-03-05,163000000,18:48:00,170000000,22:48:00,167250000.00,4
Sander Berge 102,2025-03-05,75400000,18:53:48,77000000,22:53:48,76475000.00,4
Curtis Jones 102,2025-03-05,75900000,19:01:55,78800000,01:01:55,77425000.00,4
Joško Gvardiol 101,2025-03-06,30100000,00:58:56,33000000,18:58:56,31875000.00,4
João Cancelo 101,2025-03-06,82000000,00:05:56,82000000,00:05:56,82000000.00,1
Marc Cucurella 101,2025-03-06,91500000,22:37:10,94400000,20:37:10,93366666.67,3
Nicolás Tagliafico 101,2025-03-06,31100000,00:53:06,35600000,20:53:06,33533333.33,3
Joško Gvardiol 102,2025-03-06,169000000,22:36:46,175000000,00:36:46,172000000.00,2
Vanderson 100,2025-03-06,79600000,19:05:52,83100000,01:05:52,80875000.00,4
Caio Henrique 98,2025-03-06,35200000,19:05:35,37000000,01:05:35,35750000.00,4
David López 103,2025-03-06,134000000,19:01:53,139000000,01:01:53,136000000.00,4
Pedri 101,2025-03-06,121000000,00:48:00,135000000,20:48:00,128000000.00,3
Sander Berge 102,2025-03-06,54100000,00:53:48,62000000,20:53:48,58433333.33,3
Curtis Jones 102,2025-03-06,69600000,01:01:55,71200000,23:01:55,70600000.00,4
Joško Gvardiol 101,2025-03-07,30600000,00:58:56,30600000,00:58:56,30600000,00:58:56,30600000,00:58:56,0,30600000.00,0.00,0,1
Nicolás Tagliafico 101,2025-03-07,32300000,00:53:06,32300000,00:53:06,32300000,00:53:06,32300000,00:53:06,0,32300000.00,0.00,0,1
Vanderson 100,2025-03-07,112000000,01:05:52,112000000,01:05:52,112000000,01:05:52,112000000,01:05:52,0,112000000.00,0.00,0,1
Caio Henrique 98,2025-03-07,49800000,01:05:35,49800000,01:05:35,49800000,01:05:35,49800000,01:05:35,0,49800000.00,0.00,0,1
David López 103,2025-03-07,154000000,01:01:53,154000000,01:01:53,154000000,01:01:53,154000000,01:01:53,0,154000000.00,0.00,0,1
Pedri 101,2025-03-07,150000000,00:48:00,150000000,00:48:00,150000000,00:48:00,150000000,00:48:00,0,150000000.00,0.00,0,1
Sander Berge 102,2025-03-07,60300000,00:53:48,60300000,00:53:48,60300000,00:53:48,60300000,00:53:48,0,60300000.00,0.00,0,1
Curtis Jones 102,2025-03-07,76300000,01:01:55,76300000,01:01:55,76300000,01:01:55,76300000,01:01:55,0,76300000.00,0.00,0,1
Pedri 102,2025-03-07,150000000,00:48:00,150000000,00:48:00,150000000,00:48:00,150000000,00:48:00,0,150000000.00,0.00,0,1
Pervis Estupiñán 103,2025-03-07,315000000,01:05:25,315000000,01:05:25,315000000,01:05:25,315000000,01:05:25,0,315000000.00,0.00,0,1
Leandro Paredes 103,2025-03-07,352000000,01:06:29,352000000,01:06:29,352000000,01:06:29,352000000,01:06:29,0,352000000.00,0.00,0,1
Marcos Acuña 105,2025-03-07,1640000000,01:05:22,1640000000,01:05:22,1640000000,01:05:22,1640000000,01:05:22,0,1640000000.00,0.00,0,1
Daniel Muñoz 105,2025-03-07,2090000000,01:05:26,2090000000,01:05:26,2090000000,01:05:26,2090000000,01:05:26,0,2090000000.00,0.00,0,1
Joško Gvardiol 101,2025-03-08,33700000,00:58:56,33700000,00:58:56,33700000,00:58:56,33700000,00:58:56,0,33700000.00,0.00,0,1
João Cancelo 101,2025-03-08,124000000,00:05:56,124000000,00:05:56,124000000,00:05:56,124000000,00:05:56,0,124000000.00,0.00,0,1
Marc Cucurella 101,2025-03-08,134000000,00:37:10,134000000,00:37:10,134000000,00:37:10,134000000,00:37:10,0,134000000.00,0.00,0,1
Nicolás Tagliafico 101,2025-03-08,37500000,00:53:06,37500000,00:53:06,37500000,00:53:06,37500000,00:53:06,0,37500000.00,0.00,0,1
Joško Gvardiol 102,2025-03-08,254000000,00:36:46,254000000,00:36:46,254000000,00:36:46,254000000,00:36:46,0,254000000.00,0.00,0,1
Vanderson 100,2025-03-08,148000000,01:05:52,148000000,01:05:52,148000000,01:05:52,148000000,01:05:52,0,148000000.00,0.00,0,1
Caio Henrique 98,2025-03-08,64900000,01:05:35,64900000,01:05:35,64900000,01:05:35,64900000,01:05:35,0,64900000.00,0.00,0,1
David López 103,2025-03-08,166000000,01:01:53,166000000,01:01:53,166000000,01:01:53,166000000,01:01:53,0,166000000.00,0.00,0,1
Pedri 101,2025-03-08,159000000,00:48:00,159000000,00:48:00,159000000,00:48:00,159000000,00:48:00,0,159000000.00,0.00,0,1
Sander Berge 102,2025-03-08,68500000,00:53:48,68500000,00:53:48,68500000,00:53:48,68500000,00:53:48,0,68500000.00,0.00,0,1
Curtis Jones 102,2025-03-08,85600000,01:01:55,85600000,01:01:55,85600000,01:01:55,85600000,01:01:55,0,85600000.00,0.00,0,1
Pedri 102,2025-03-08,159000000,00:48:00,159000000,00:48:00,159000000,00:48:00,159000000,00:48:00,0,159000000.00,0.00,0,1
Pervis Estupiñán 103,2025-03-08,382000000,01:05:25,382000000,01:05:25,382000000,01:05:25,382000000,01:05:25,0,382000000.00,0.00,0,1
Leandro Paredes 103,2025-03-08,425000000,01:06:29,425000000,01:06:29,425000000,01:06:29,425000000,01:06:29,0,425000000.00,0.00,0,1
Marcos Acuña 105,2025-03-08,1790000000,01:05:22,1790000000,01:05:22,1790000000,01:05:22,1790000000,01:05:22,0,1790000000.00,0.00,0,1
Daniel Muñoz 105,2025-03-08,2300000000,01:05:26,2300000000,01:05:26,2300000000,01:05:26,2300000000,01:05:26,0,2300000000.00,0.00,0,1
Subhasish Bose 103,2025-03-08,86000000,01:40:05,86000000,01:40:05,86000000,01:40:05,86000000,01:40:05,0,86000000.00,0.00,0,1
Sandesh Jhingan 104,2025-03-08,186000000,01:40:03,186000000,01:40:03,186000000,01:40:03,186000000,01:40:03,0,186000000.00,0.00,0,1
Anirudh Thapa 103,2025-03-08,89800000,01:40:04,89800000,01:40:04,89800000,01:40:04,89800000,01:40:04,0,89800000.00,0.00,0,1
Scott McTominay 103,2025-03-08,207000000,00:53:58,207000000,00:53:58,207000000,00:53:58,207000000,00:53:58,0,207000000.00,0.00,0,1
Nuno Tavares 103,2025-03-08,207000000,00:53:58,207000000,00:53:58,207000000,00:53:58,207000000,00:53:58,0,207000000.00,0.00,0,1
João Neves 103,2025-03-08,208000000,00:53:05,208000000,00:53:05,208000000,00:53:05,208000000,00:53:05,0,208000000.00,0.00,0,1
Fred 103,2025-03-08,211000000,00:53:39,211000000,00:53:39,211000000,00:53:39,211000000,00:53:39,0,211000000.00,0.00,0,1
Calvin Verdonk 101,2025-03-08,217000000,00:53:47,217000000,00:53:47,217000000,00:53:47,217000000,00:53:47,0,217000000.00,0.00,0,1
Joško Gvardiol 101,2025-03-09,36700000,00:58:56,35800000,22:58:56,34700000,18:58:56,36700000,00:58:56,2000000,35475000.00,1033333.33,1,4
João Cancelo 101,2025-03-09,124000000,00:05:56,124000000,22:05:56,124000000,00:05:56,124000000,00:05:56,0,124000000.00,0.00,0,2
Marc Cucurella 101,2025-03-09,137000000,00:37:10,137000000,00:37:10,137000000,00:37:10,137000000,00:37:10,0,137000000.00,0.00,0,1
Nicolás Tagliafico 101,2025-03-09,40300000,00:53:06,40300000,22:53:06,39400000,18:53:06,40300000,00:53:06,900000,39850000.00,600000.00,1,4
Joško Gvardiol 102,2025-03-09,257000000,00:36:46,255000000,22:36:46,254000000,18:36:46,257000000,00:36:46,3000000,255000000.00,1333333.33,1,4
Vanderson 100,2025-03-09,176000000,01:05:52,179000000,23:05:52,176000000,01:05:52,181000000,19:05:52,5000000,179250000.00,2333333.33,1,4
Caio Henrique 98,2025-03-09,76100000,01:05:35,78600000,23:05:35,76100000,01:05:35,78600000,23:05:35,2500000,77075000.00,833333.33,0,4
David López 103,2025-03-09,163000000,01:01:53,163000000,23:01:53,160000000,19:01:53,163000000,01:01:53,3000000,161500000.00,2000000.00,1,4
Pedri 101,2025-03-09,162000000,00:48:00,160000000,22:48:00,157000000,18:48:00,162000000,00:48:00,5000000,159000000.00,2666666.67,1,4
Sander Berge 102,2025-03-09,73200000,00:53:48,72300000,22:53:48,70300000,18:53:48,73200000,00:53:48,2900000,71525000.00,1633333.33,1,4
Curtis Jones 102,2025-03-09,95100000,01:01:55,95100000,23:01:55,92100000,19:01:55,95100000,01:01:55,3000000,93600000.00,2000000.00,1,4
Pedri 102,2025-03-09,162000000,00:48:00,160000000,22:48:00,157000000,18:48:00,162000000,00:48:00,5000000,159000000.00,2666666.67,1,4
Pervis Estupiñán 103,2025-03-09,400000000,01:05:25,400000000,23:05:25,400000000,01:05:25,411000000,19:05:25,11000000,405500000.00,7333333.33,1,4
Leandro Paredes 103,2025-03-09,436000000,01:06:29,433000000,23:06:29,433000000,23:06:29,444000000,19:06:29,11000000,439250000.00,6333333.33,1,4
Marcos Acuña 105,2025-03-09,1940000000,01:05:22,1940000000,23:05:22,1940000000,01:05:22,2050000000,19:05:22,110000000,1995000000.00,73333333.33,1,4
Daniel Muñoz 105,2025-03-09,1860000000,01:05:26,1960000000,23:05:26,1850000000,19:05:26,1960000000,23:05:26,110000000,1880000000.00,40000000.00,1,4
Subhasish Bose 103,2025-03-09,103000000,01:40:05,102000000,23:40:05,102000000,19:40:05,103000000,01:40:05,1000000,102250000.00,333333.33,0,4
Sandesh Jhingan 104,2025-03-09,136000000,01:40:03,136000000,23:40:03,136000000,01:40:03,139000000,19:40:03,3000000,137500000.00,2000000.00,1,4
Anirudh Thapa 103,2025-03-09,103000000,01:40:04,104000000,23:40:04,102000000,19:40:04,104000000,23:40:04,2000000,102750000.00,1000000.00,1,4
Scott McTominay 103,2025-03-09,216000000,00:53:58,209000000,22:53:58,207000000,18:53:58,216000000,00:53:58,9000000,209750000.00,3666666.67,1,4
Nuno Tavares 103,2025-03-09,216000000,00:53:58,209000000,22:53:58,207000000,18:53:58,216000000,00:53:58,9000000,209750000.00,3666666.67,1,4
João Neves 103,2025-03-09,221000000,00:53:05,222000000,22:53:05,219000000,18:53:05,222000000,22:53:05,3000000,220250000.00,1666666.67,1,4
Fred 103,2025-03-09,219000000,00:53:39,221000000,22:53:39,219000000,00:53:39,221000000,18:53:39,2000000,220500000.00,666666.67,0,4
Calvin Verdonk 101,2025-03-09,224000000,00:53:47,221000000,22:53:47,219000000,18:53:47,224000000,00:53:47,5000000,220750000.00,2333333.33,1,4
Joško Gvardiol 101,2025-03-10,36000000,00:58:56,35000000,22:58:56,34000000,14:58:56,36000000,00:58:56,2000000,34750000.00,428571.43,1,8
João Cancelo 101,2025-03-10,134000000,00:05:56,134000000,22:05:56,125000000,12:05:56,134000000,00:05:56,9000000,129666666.67,3600000.00,1,6
Marc Cucurella 101,2025-03-10,146000000,00:37:10,146000000,22:37:10,141000000,12:37:10,146000000,00:37:10,5000000,143000000.00,1666666.67,1,7
Nicolás Tagliafico 101,2025-03-10,41700000,00:53:06,41800000,22:53:06,40400000,12:53:06,41800000,22:53:06,1400000,41128571.43,450000.00,1,7
Joško Gvardiol 102,2025-03-10,287000000,00:36:46,282000000,22:36:46,268000000,12:36:46,287000000,00:36:46,19000000,277285714.29,5833333.33,2,7
Marc Cucurella 100,2025-03-10,369000000,11:10:34,333000000,17:10:34,333000000,17:10:34,369000000,11:10:34,36000000,357000000.00,18000000.00,0,3
Vanderson 100,2025-03-10,192000000,01:05:52,192000000,23:05:52,183000000,11:05:52,194000000,21:05:52,11000000,189000000.00,3142857.14,2,8
Caio Henrique 98,2025-03-10,84800000,01:05:35,83100000,23:05:35,79400000,11:05:35,86400000,21:05:35,7000000,83012500.00,2471428.57,4,8
David López 103,2025-03-10,164000000,01:01:53,169000000,23:01:53,164000000,01:01:53,172000000,19:01:53,8000000,169375000.00,1571428.57,1,8
Pedri 101,2025-03-10,173000000,00:48:00,167000000,22:48:00,165000000,18:48:00,177000000,12:48:00,12000000,169000000.00,3000000.00,2,7
Sander Berge 102,2025-03-10,71100000,00:53:48,71000000,22:53:48,69700000,12:53:48,72300000,18:53:48,2600000,71114285.71,883333.33,2,7
Curtis Jones 102,2025-03-10,92800000,01:01:55,92500000,23:01:55,92500000,23:01:55,93600000,15:01:55,1100000,93012500.00,271428.57,1,8
Pedri 102,2025-03-10,173000000,00:48:00,167000000,22:48:00,165000000,18:48:00,177000000,12:48:00,12000000,169000000.00,3000000.00,2,7
Pervis Estupiñán 103,2025-03-10,424000000,01:05:25,424000000,23:05:25,417000000,11:05:25,432000000,19:05:25,15000000,425500000.00,4285714.29,2,8
Leandro Paredes 103,2025-03-10,487000000,01:06:29,490000000,23:06:29,469000000,11:06:29,490000000,23:06:29,21000000,476500000.00,5571428.57,1,8
Marcos Acuña 105,2025-03-10,1900000000,01:05:22,1900000000,23:05:22,1770000000,11:05:22,1900000000,01:05:22,130000000,1826250000.00,37142857.14,1,8
Daniel Muñoz 105,2025-03-10,1880000000,01:05:26,1970000000,23:05:26,1810000000,15:05:26,1970000000,23:05:26,160000000,1862500000.00,32857142.86,1,8
Subhasish Bose 103,2025-03-10,72100000,01:40:05,72800000,23:40:05,72100000,01:40:05,90600000,11:40:05,18500000,80375000.00,5185714.29,1,8
Sandesh Jhingan 104,2025-03-10,124000000,01:40:03,120000000,23:40:03,116000000,11:40:03,124000000,01:40:03,8000000,118375000.00,2571428.57,3,8
Anirudh Thapa 103,2025-03-10,70900000,01:40:04,73000000,23:40:04,70900000,01:40:04,92100000,11:40:04,21200000,82037500.00,5757142.86,1,8
Scott McTominay 103,2025-03-10,213000000,00:53:58,209000000,22:53:58,203000000,14:53:58,213000000,00:53:58,10000000,206428571.43,3000000.00,3,7
Nuno Tavares 103,2025-03-10,213000000,00:53:58,209000000,22:53:58,203000000,14:53:58,213000000,00:53:58,10000000,206428571.43,3000000.00,3,7
João Neves 103,2025-03-10,220000000,00:53:05,217000000,22:53:05,212000000,16:53:05,220000000,00:53:05,8000000,216285714.29,2500000.00,2,7
Fred 103,2025-03-10,219000000,00:53:39,218000000,22:53:39,210000000,12:53:39,219000000,00:53:39,9000000,213857142.86,3166666.67,3,7
Calvin Verdonk 101,2025-03-10,229000000,00:53:47,233000000,22:53:47,214000000,12:53:47,233000000,22:53:47,19000000,224571428.57,5666666.67,1,7
Joško Gvardiol 101,2025-03-11,37100000,00:58:56,36200000,22:58:56,34500000,16:58:56,37100000,00:58:56,2600000,35520000.00,1075000.00,1,5
João Cancelo 101,2025-03-11,128000000,18:05:56,129000000,20:05:56,128000000,18:05:56,129000000,20:05:56,1000000,128500000.00,1000000.00,0,2
Marc Cucurella 101,2025-03-11,149000000,00:37:10,144000000,22:37:10,141000000,18:37:10,149000000,00:37:10,8000000,143750000.00,3666666.67,1,4
Nicolás Tagliafico 101,2025-03-11,40600000,00:53:06,40200000,22:53:06,39500000,16:53:06,40600000,00:53:06,1100000,39880000.00,450000.00,1,5
Joško Gvardiol 102,2025-03-11,283000000,00:36:46,270000000,20:36:46,270000000,18:36:46,283000000,00:36:46,13000000,274333333.33,6500000.00,0,3
Vanderson 100,2025-03-11,205000000,01:05:52,206000000,23:05:52,204000000,21:05:52,209000000,17:05:52,5000000,206600000.00,2750000.00,2,5
Caio Henrique 98,2025-03-11,93100000,01:05:35,92600000,23:05:35,91900000,21:05:35,94300000,17:05:35,2400000,93240000.00,1075000.00,2,5
David López 103,2025-03-11,182000000,01:01:53,182000000,23:01:53,178000000,17:01:53,182000000,01:01:53,4000000,180000000.00,2000000.00,1,5
Pedri 101,2025-03-11,167000000,00:48:00,165000000,22:48:00,161000000,18:48:00,167000000,00:48:00,6000000,164000000.00,3333333.33,1,4
Sander Berge 102,2025-03-11,70800000,00:53:48,69200000,22:53:48,65500000,16:53:48,70800000,00:53:48,5300000,67620000.00,2250000.00,1,5
Curtis Jones 102,2025-03-11,96300000,01:01:55,95500000,23:01:55,91100000,17:01:55,96300000,01:01:55,5200000,93540000.00,2400000.00,1,5
Pedri 102,2025-03-11,167000000,00:48:00,165000000,22:48:00,161000000,18:48:00,167000000,00:48:00,6000000,164000000.00,3333333.33,1,4
Pervis Estupiñán 103,2025-03-11,480000000,01:05:25,483000000,23:05:25,479000000,17:05:25,483000000,21:05:25,4000000,480800000.00,1250000.00,1,5
Leandro Paredes 103,2025-03-11,508000000,01:06:29,497000000,23:06:29,487000000,17:06:29,508000000,01:06:29,21000000,495200000.00,7750000.00,1,5
Marcos Acuña 105,2025-03-11,2460000000,01:05:22,2350000000,23:05:22,2140000000,17:05:22,2460000000,01:05:22,320000000,2256000000.00,132500000.00,1,5
Daniel Muñoz 105,2025-03-11,2360000000,01:05:26,2360000000,23:05:26,2250000000,17:05:26,2360000000,01:05:26,110000000,2316000000.00,55000000.00,1,5
Subhasish Bose 103,2025-03-11,84700000,01:40:05,83800000,23:40:05,79000000,17:40:05,84700000,01:40:05,5700000,81400000.00,2625000.00,1,5
Sandesh Jhingan 104,2025-03-11,142000000,01:40:03,136000000,23:40:03,129000000,17:40:03,142000000,01:40:03,13000000,133600000.00,5000000.00,1,5
Anirudh Thapa 103,2025-03-11,86600000,01:40:04,83300000,23:40:04,78800000,17:40:04,86600000,01:40:04,7800000,81800000.00,3075000.00,1,5
Scott McTominay 103,2025-03-11,200000000,00:53:58,198000000,22:53:58,194000000,16:53:58,200000000,00:53:58,6000000,196200000.00,2500000.00,1,5
Nuno Tavares 103,2025-03-11,200000000,00:53:58,198000000,22:53:58,194000000,16:53:58,200000000,00:53:58,6000000,196200000.00,2500000.00,1,5
João Neves 103,2025-03-11,200000000,00:53:05,199000000,22:53:05,199000000,20:53:05,200000000,00:53:05,1000000,199600000.00,250000.00,0,5
Fred 103,2025-03-11,209000000,00:53:39,208000000,22:53:39,203000000,20:53:39,209000000,00:53:39,6000000,205600000.00,2750000.00,1,5
Calvin Verdonk 101,2025-03-11,222000000,00:53:47,215000000,22:53:47,214000000,20:53:47,222000000,00:53:47,8000000,217400000.00,2250000.00,1,5
Joško Gvardiol 101,2025-03-12,37700000,00:58:56,36700000,22:58:56,36700000,20:58:56,37700000,00:58:56,1000000,37033333.33,500000.00,0,3
João Cancelo 101,2025-03-12,141000000,00:05:56,135000000,20:05:56,135000000,20:05:56,141000000,00:05:56,6000000,138000000.00,6000000.00,0,2
Marc Cucurella 101,2025-03-12,153000000,20:37:10,155000000,22:37:10,153000000,20:37:10,155000000,22:37:10,2000000,154000000.00,2000000.00,0,2
Nicolás Tagliafico 101,2025-03-12,41500000,00:53:06,41400000,22:53:06,41400000,20:53:06,41500000,00:53:06,100000,41433333.33,50000.00,0,3
Joško Gvardiol 102,2025-03-12,284000000,20:36:46,284000000,22:36:46,284000000,20:36:46,284000000,20:36:46,0,284000000.00,0.00,0,2
Vanderson 100,2025-03-12,256000000,01:05:52,258000000,23:05:52,250000000,21:05:52,258000000,23:05:52,8000000,254666666.67,7000000.00,1,3
Caio Henrique 98,2025-03-12,110000000,01:05:35,111000000,23:05:35,110000000,01:05:35,111000000,21:05:35,1000000,110666666.67,500000.00,0,3
David López 103,2025-03-12,173000000,01:01:53,176000000,23:01:53,173000000,01:01:53,176000000,21:01:53,3000000,175000000.00,1500000.00,0,3
Pedri 101,2025-03-12,185000000,00:48:00,178000000,22:48:00,178000000,20:48:00,185000000,00:48:00,7000000,180333333.33,3500000.00,0,3
Sander Berge 102,2025-03-12,72900000,00:53:48,71900000,22:53:48,71900000,22:53:48,72900000,00:53:48,1000000,72466666.67,500000.00,0,3
Curtis Jones 102,2025-03-12,100000000,01:01:55,97400000,23:01:55,97400000,21:01:55,100000000,01:01:55,2600000,98266666.67,1300000.00,0,3
Pedri 102,2025-03-12,185000000,00:48:00,178000000,22:48:00,178000000,20:48:00,185000000,00:48:00,7000000,180333333.33,3500000.00,0,3
Pervis Estupiñán 103,2025-03-12,542000000,01:05:25,557000000,23:05:25,542000000,01:05:25,558000000,21:05:25,16000000,552333333.33,8500000.00,1,3
Leandro Paredes 103,2025-03-12,589000000,01:06:29,586000000,23:06:29,584000000,21:06:29,589000000,01:06:29,5000000,586333333.33,3500000.00,1,3
Marcos Acuña 105,2025-03-12,2500000000,01:05:22,2390000000,23:05:22,2390000000,21:05:22,2500000000,01:05:22,110000000,2426666666.67,55000000.00,0,3
Daniel Muñoz 105,2025-03-12,2520000000,01:05:26,2400000000,23:05:26,2400000000,21:05:26,2520000000,01:05:26,120000000,2440000000.00,60000000.00,0,3
Subhasish Bose 103,2025-03-12,88300000,01:40:05,86000000,23:40:05,85800000,19:40:05,88300000,01:40:05,2500000,86475000.00,900000.00,1,4
Sandesh Jhingan 104,2025-03-12,124000000,01:40:03,125000000,23:40:03,124000000,01:40:03,126000000,19:40:03,2000000,125250000.00,1000000.00,1,4
Anirudh Thapa 103,2025-03-12,88100000,01:40:04,87500000,23:40:04,85000000,19:40:04,88100000,01:40:04,3100000,86400000.00,1866666.67,1,4
Scott McTominay 103,2025-03-12,214000000,00:53:58,211000000,22:53:58,211000000,20:53:58,214000000,00:53:58,3000000,212000000.00,1500000.00,0,3
Nuno Tavares 103,2025-03-12,214000000,00:53:58,211000000,22:53:58,211000000,20:53:58,214000000,00:53:58,3000000,212000000.00,1500000.00,0,3
João Neves 103,2025-03-12,212000000,00:53:05,209000000,22:53:05,209000000,20:53:05,212000000,00:53:05,3000000,210000000.00,1500000.00,0,3
Fred 103,2025-03-12,211000000,00:53:39,207000000,22:53:39,207000000,20:53:39,211000000,00:53:39,4000000,208333333.33,2000000.00,0,3
Calvin Verdonk 101,2025-03-12,230000000,00:53:47,226000000,22:53:47,222000000,20:53:47,230000000,00:53:47,8000000,226000000.00,6000000.00,1,3
Joško Gvardiol 101,2025-03-13,32400000,00:58:56,32400000,00:58:56,32400000,00:58:56,32400000,00:58:56,0,32400000.00,0.00,0,1
João Cancelo 101,2025-03-13,106000000,00:05:56,106000000,00:05:56,106000000,00:05:56,106000000,00:05:56,0,106000000.00,0.00,0,1
Marc Cucurella 101,2025-03-13,129000000,00:37:10,129000000,00:37:10,129000000,00:37:10,129000000,00:37:10,0,129000000.00,0.00,0,1
Nicolás Tagliafico 101,2025-03-13,29800000,00:53:06,29800000,00:53:06,29800000,00:53:06,29800000,00:53:06,0,29800000.00,0.00,0,1
Joško Gvardiol 102,2025-03-13,238000000,00:36:46,238000000,00:36:46,238000000,00:36:46,238000000,00:36:46,0,238000000.00,0.00,0,1
Marc Cucurella 100,2025-03-13,342000000,01:10:34,342000000,01:10:34,342000000,01:10:34,342000000,01:10:34,0,342000000.00,0.00,0,1
Vanderson 100,2025-03-13,206000000,01:05:52,206000000,01:05:52,206000000,01:05:52,206000000,01:05:52,0,206000000.00,0.00,0,1
Caio Henrique 98,2025-03-13,83000000,01:05:35,83000000,01:05:35,83000000,01:05:35,83000000,01:05:35,0,83000000.00,0.00,0,1
David López 103,2025-03-13,145000000,01:01:53,145000000,01:01:53,145000000,01:01:53,145000000,01:01:53,0,145000000.00,0.00,0,1
Pedri 101,2025-03-13,124000000,00:48:00,124000000,00:48:00,124000000,00:48:00,124000000,00:48:00,0,124000000.00,0.00,0,1
Sander Berge 102,2025-03-13,47800000,00:53:48,47800000,00:53:48,47800000,00:53:48,47800000,00:53:48,0,47800000.00,0.00,0,1
Curtis Jones 102,2025-03-13,90200000,01:01:55,90200000,01:01:55,90200000,01:01:55,90200000,01:01:55,0,90200000.00,0.00,0,1
Pedri 102,2025-03-13,124000000,00:48:00,124000000,00:48:00,124000000,00:48:00,124000000,00:48:00,0,124000000.00,0.00,0,1
Pervis Estupiñán 103,2025-03-13,371000000,01:05:25,371000000,01:05:25,371000000,01:05:25,371000000,01:05:25,0,371000000.00,0.00,0,1
Leandro Paredes 103,2025-03-13,502000000,01:06:29,502000000,01:06:29,502000000,01:06:29,502000000,01:06:29,0,502000000.00,0.00,0,1
Marcos Acuña 105,2025-03-13,2790000000,01:05:22,2790000000,01:05:22,2790000000,01:05:22,2790000000,01:05:22,0,2790000000.00,0.00,0,1
Daniel Muñoz 105,2025-03-13,2700000000,01:05:26,2700000000,01:05:26,2700000000,01:05:26,2700000000,01:05:26,0,2700000000.00,0.00,0,1
Subhasish Bose 103,2025-03-13,56400000,01:40:05,56400000,01:40:05,56400000,01:40:05,56400000,01:40:05,0,56400000.00,0.00,0,1
Sandesh Jhingan 104,2025-03-13,84100000,01:40:03,84100000,01:40:03,84100000,01:40:03,84100000,01:40:03,0,84100000.00,0.00,0,1
Anirudh Thapa 103,2025-03-13,57700000,01:40:04,57700000,01:40:04,57700000,01:40:04,57700000,01:40:04,0,57700000.00,0.00,0,1
Scott McTominay 103,2025-03-13,152000000,00:53:58,152000000,00:53:58,152000000,00:53:58,152000000,00:53:58,0,152000000.00,0.00,0,1
Nuno Tavares 103,2025-03-13,152000000,00:53:58,152000000,00:53:58,152000000,00:53:58,152000000,00:53:58,0,152000000.00,0.00,0,1
João Neves 103,2025-03-13,143000000,00:53:05,143000000,00:53:05,143000000,00:53:05,143000000,00:53:05,0,143000000.00,0.00,0,1
Fred 103,2025-03-13,210000000,00:53:39,210000000,00:53:39,210000000,00:53:39,210000000,00:53:39,0,210000000.00,0.00,0,1
Calvin Verdonk 101,2025-03-13,202000000,00:53:47,202000000,00:53:47,202000000,00:53:47,202000000,00:53:47,0,202000000.00,0.00,0,1
Joško Gvardiol 101,2025-03-14,26300000,00:58:56,26000000,22:58:56,26000000,22:58:56,26400000,20:58:56,400000,26233333.33,250000.00,1,3
João Cancelo 101,2025-03-14,97400000,20:05:56,97400000,22:05:56,97400000,20:05:56,97400000,20:05:56,0,97400000.00,0.00,0,2
Marc Cucurella 101,2025-03-14,114000000,00:37:10,117000000,22:37:10,114000000,00:37:10,117000000,22:37:10,3000000,115000000.00,1500000.00,0,3
Nicolás Tagliafico 101,2025-03-14,16500000,00:53:06,17300000,22:53:06,16500000,00:53:06,18200000,20:53:06,1700000,17333333.33,1300000.00,1,3
Joško Gvardiol 102,2025-03-14,198000000,00:36:46,196000000,22:36:46,195000000,20:36:46,198000000,00:36:46,3000000,196333333.33,2000000.00,1,3
Marc Cucurella 100,2025-03-14,365000000,21:10:34,365000000,21:10:34,365000000,21:10:34,365000000,21:10:34,0,365000000.00,0.00,0,1
Vanderson 100,2025-03-14,147000000,01:05:52,155000000,23:05:52,147000000,01:05:52,164000000,19:05:52,17000000,157500000.00,8666666.67,1,4
Caio Henrique 98,2025-03-14,55000000,01:05:35,57800000,23:05:35,55000000,01:05:35,60900000,19:05:35,5900000,58650000.00,3000000.00,1,4
David López 103,2025-03-14,123000000,01:01:53,124000000,23:01:53,123000000,01:01:53,126000000,19:01:53,3000000,124750000.00,1666666.67,1,4
Pedri 101,2025-03-14,70500000,00:48:00,72700000,22:48:00,70500000,00:48:00,75900000,20:48:00,5400000,73033333.33,4300000.00,1,3
Sander Berge 102,2025-03-14,28400000,00:53:48,29700000,22:53:48,28400000,00:53:48,31200000,20:53:48,2800000,29766666.67,2150000.00,1,3
Curtis Jones 102,2025-03-14,75700000,01:01:55,76900000,23:01:55,75600000,19:01:55,76900000,23:01:55,1300000,75950000.00,466666.67,1,4
Pedri 102,2025-03-14,70500000,00:48:00,72700000,22:48:00,70500000,00:48:00,75900000,20:48:00,5400000,73033333.33,4300000.00,1,3
Pervis Estupiñán 103,2025-03-14,285000000,01:05:25,277000000,23:05:25,267000000,19:05:25,285000000,01:05:25,18000000,274000000.00,9333333.33,1,4
Leandro Paredes 103,2025-03-14,512000000,01:06:29,512000000,23:06:29,512000000,01:06:29,514000000,19:06:29,2000000,513000000.00,1333333.33,1,4
Marcos Acuña 105,2025-03-14,2650000000,01:05:22,2650000000,23:05:22,2650000000,01:05:22,2790000000,19:05:22,140000000,2720000000.00,93333333.33,1,4
Daniel Muñoz 105,2025-03-14,2680000000,01:05:26,2680000000,23:05:26,2560000000,19:05:26,2680000000,01:05:26,120000000,2620000000.00,80000000.00,1,4
Subhasish Bose 103,2025-03-14,36700000,01:40:05,38100000,23:40:05,36700000,01:40:05,39700000,19:40:05,3000000,38550000.00,1533333.33,1,4
Sandesh Jhingan 104,2025-03-14,89800000,01:40:03,86300000,23:40:03,82300000,19:40:03,89800000,01:40:03,7500000,85175000.00,3833333.33,1,4
Anirudh Thapa 103,2025-03-14,36300000,01:40:04,37600000,23:40:04,36300000,01:40:04,39100000,19:40:04,2800000,38025000.00,1433333.33,1,4
Scott McTominay 103,2025-03-14,83100000,00:53:58,87000000,22:53:58,83100000,00:53:58,91000000,20:53:58,7900000,87033333.33,5950000.00,1,3
Nuno Tavares 103,2025-03-14,83100000,00:53:58,87000000,22:53:58,83100000,00:53:58,91000000,20:53:58,7900000,87033333.33,5950000.00,1,3
João Neves 103,2025-03-14,88600000,00:53:05,86500000,22:53:05,86500000,22:53:05,89700000,20:53:05,3200000,88266666.67,2150000.00,1,3
Fred 103,2025-03-14,204000000,00:53:39,204000000,22:53:39,201000000,20:53:39,204000000,00:53:39,3000000,203000000.00,3000000.00,1,3
Calvin Verdonk 101,2025-03-14,215000000,00:53:47,210000000,22:53:47,204000000,20:53:47,215000000,00:53:47,11000000,209666666.67,8500000.00,1,3
Joško Gvardiol 101,2025-03-15,24200000,13:23:16,24800000,22:59:37,24000000,15:07:53,24800000,22:59:37,800000,24233333.33,280000.00,3,6
João Cancelo 101,2025-03-15,88700000,16:28:06,88700000,16:28:06,88700000,16:28:06,88700000,16:28:06,0,88700000.00,0.00,0,1
Marc Cucurella 101,2025-03-15,109000000,13:23:35,106000000,22:37:18,106000000,22:37:18,109000000,13:23:35,3000000,108000000.00,750000.00,0,5
Nicolás Tagliafico 101,2025-03-15,15400000,13:30:01,15600000,22:54:55,15300000,14:55:22,15600000,22:54:55,300000,15450000.00,80000.00,1,6
Joško Gvardiol 102,2025-03-15,184000000,16:12:57,187000000,22:57:32,184000000,16:12:57,187000000,22:57:32,3000000,185000000.00,1500000.00,0,3
Vanderson 100,2025-03-15,98800000,13:31:19,80800000,23:06:18,80800000,23:06:18,98800000,13:31:19,18000000,90983333.33,3600000.00,0,6
Caio Henrique 98,2025-03-15,38300000,13:25:46,30700000,23:08:22,30700000,23:08:22,38300000,13:25:46,7600000,34316666.67,1520000.00,0,6
David López 103,2025-03-15,120000000,13:26:07,116000000,23:02:02,115000000,21:25:28,120000000,13:26:07,5000000,117666666.67,1200000.00,1,6
Pedri 101,2025-03-15,67200000,13:26:27,65400000,22:48:08,61700000,16:48:09,67200000,13:26:27,5500000,64100000.00,1840000.00,1,6
Sander Berge 102,2025-03-15,21200000,13:26:45,21200000,22:55:03,20100000,16:57:23,21200000,13:26:45,1100000,20633333.33,440000.00,1,6
Curtis Jones 102,2025-03-15,68400000,13:27:08,66900000,23:04:13,66400000,17:16:19,68400000,13:27:08,2000000,67000000.00,500000.00,1,6
Pedri 102,2025-03-15,67200000,13:27:15,65400000,22:50:15,62300000,17:57:52,67200000,13:27:15,4900000,64200000.00,1600000.00,1,6
Pervis Estupiñán 103,2025-03-15,312000000,13:27:20,327000000,23:10:27,312000000,13:27:20,330000000,21:16:54,18000000,322500000.00,4200000.00,1,6
Leandro Paredes 103,2025-03-15,535000000,13:27:26,516000000,23:16:57,516000000,23:16:57,537000000,19:53:56,21000000,527500000.00,10600000.00,2,6
Marcos Acuña 105,2025-03-15,2640000000,13:27:32,2500000000,23:12:33,2500000000,17:22:41,2640000000,13:27:32,140000000,2546666666.67,28000000.00,0,6
Daniel Muñoz 105,2025-03-15,2810000000,13:27:38,2810000000,23:14:37,2810000000,13:27:38,2810000000,13:27:38,0,2810000000.00,0.00,0,6
Subhasish Bose 103,2025-03-15,29900000,13:27:45,33500000,23:42:26,29900000,13:27:45,33500000,23:42:26,3600000,31457142.86,600000.00,0,7
Sandesh Jhingan 104,2025-03-15,85500000,13:27:52,93900000,23:40:12,85500000,13:27:52,93900000,23:40:12,8400000,90357142.86,1400000.00,0,7
Anirudh Thapa 103,2025-03-15,29900000,13:27:59,32500000,23:44:31,29900000,13:27:59,32900000,21:44:38,3000000,31342857.14,566666.67,1,7
Scott McTominay 103,2025-03-15,60800000,13:28:05,56700000,22:55:09,54800000,18:54:40,60800000,13:28:05,6000000,56983333.33,1580000.00,1,6
Nuno Tavares 103,2025-03-15,60800000,13:28:11,56700000,22:55:21,54800000,18:54:51,60800000,13:28:11,6000000,56983333.33,1580000.00,1,6
João Neves 103,2025-03-15,84300000,13:28:18,86000000,22:53:14,80400000,16:53:14,86000000,22:53:14,5600000,82783333.33,1900000.00,1,6
Fred 103,2025-03-15,191000000,13:28:28,203000000,22:56:44,191000000,13:28:28,206000000,18:54:58,15000000,201500000.00,3600000.00,1,6
Calvin Verdonk 101,2025-03-15,198000000,13:28:34,196000000,22:56:52,191000000,18:55:05,198000000,13:28:34,7000000,195833333.33,2400000.00,1,6
Joško Gvardiol 101,2025-03-16,22300000,14:43:59,23300000,23:10:23,22300000,14:43:59,23300000,22:27:08,1000000,22783333.33,449073.12,6
João Cancelo 101,2025-03-16,79600000,15:26:55,82500000,20:39:09,79600000,15:26:55,82500000,19:57:37,2900000,81533333.33,1674315.78,3
Marc Cucurella 101,2025-03-16,92000000,14:44:09,96400000,23:10:29,92000000,14:44:09,96500000,17:26:59,4600000,94966666.67,2569695.18,3
Nicolás Tagliafico 101,2025-03-16,15500000,14:44:15,15700000,22:29:34,15500000,14:44:15,15700000,22:29:34,200000,15560000.00,89442.72,5
Joško Gvardiol 102,2025-03-16,181000000,15:28:30,183000000,23:56:46,178000000,18:12:08,183000000,23:56:46,8000000,180000000.00,2449489.74,4
Vanderson 100,2025-03-16,58800000,14:44:30,50000000,23:07:23,50000000,23:07:23,58800000,14:44:30,8800000,55700000.00,3706750.60,5
Caio Henrique 98,2025-03-16,21500000,14:44:36,19100000,23:07:35,19100000,23:07:35,21500000,14:44:36,2400000,20580000.00,1003493.90,5
David López 103,2025-03-16,118000000,14:44:41,115000000,23:07:40,115000000,23:07:40,122000000,19:14:23,11000000,118800000.00,2774887.39,5
Pedri 101,2025-03-16,62500000,14:44:49,63700000,23:07:46,60100000,16:48:10,63700000,23:07:46,6000000,61940000.00,1431083.51,5
Sander Berge 102,2025-03-16,20000000,14:44:59,21400000,23:07:52,20000000,14:44:59,21400000,23:07:52,1400000,20420000.00,584807.66,5
Curtis Jones 102,2025-03-16,68400000,14:45:15,70800000,23:08:01,68400000,14:45:15,70800000,23:08:01,2400000,69140000.00,1085357.08,5
Pedri 102,2025-03-16,62500000,14:45:20,63700000,23:08:14,60100000,16:50:15,63700000,23:08:14,6000000,61940000.00,1431083.51,5
Pervis Estupiñán 103,2025-03-16,323000000,14:45:27,346000000,23:08:21,323000000,14:45:27,346000000,23:08:21,23000000,333600000.00,10212737.15,5
Leandro Paredes 103,2025-03-16,530000000,14:45:40,540000000,23:08:27,513000000,19:20:39,541000000,17:20:39,66000000,530800000.00,11256109.45,5
Marcos Acuña 105,2025-03-16,2740000000,14:45:46,2610000000,23:08:34,2610000000,23:08:34,2740000000,14:45:46,130000000,2710000000.00,56568542.49,5
Daniel Muñoz 105,2025-03-16,2810000000,14:45:51,2810000000,23:08:40,2810000000,14:45:51,2810000000,14:45:51,0,2810000000.00,0.00,5
Subhasish Bose 103,2025-03-16,29600000,14:45:57,30700000,23:42:25,29600000,14:45:57,30700000,23:08:47,1500000,30133333.33,496655.48,6
Sandesh Jhingan 104,2025-03-16,84500000,14:46:03,85500000,23:40:13,84500000,14:46:03,86500000,19:40:13,3000000,85416666.67,801040.99,6
Anirudh Thapa 103,2025-03-16,29400000,14:46:08,30900000,23:44:30,29400000,14:46:08,30900000,23:08:59,1500000,30100000.00,675277.72,6
Scott McTominay 103,2025-03-16,52200000,14:46:13,56000000,23:09:04,52100000,16:59:29,56000000,23:09:04,4000000,53200000.00,1668831.93,5
Nuno Tavares 103,2025-03-16,52200000,14:46:19,56000000,23:09:09,52100000,17:01:34,56000000,23:09:09,4000000,53200000.00,1668831.93,5
João Neves 103,2025-03-16,81300000,14:46:24,86400000,23:09:14,81100000,16:53:14,86400000,23:09:14,5500000,82600000.00,2244994.43,5
Fred 103,2025-03-16,187000000,14:46:31,202000000,23:10:05,187000000,14:46:31,202000000,23:10:05,15000000,191800000.00,6220932.41,5
Calvin Verdonk 101,2025-03-16,193000000,14:46:36,199000000,23:10:13,193000000,14:46:36,201000000,19:05:47,10000000,197000000.00,3741657.39,5
