Дата,Время,Цена,Изменение,Мин. цена,Макс. цена
2025-03-08,23:43:12,208000000,+0.97%,197000000,218000000
2025-03-09,00:53:14,208000000,+0.97%,197000000,218000000
2025-03-09,02:53:14,209000000,+0.48%,198000000,219000000
2025-03-09,04:53:14,213000000,+1.91%,202000000,223000000
2025-03-09,06:53:14,214000000,+0.47%,203000000,224000000
2025-03-09,08:53:13,210000000,-1.87%,199000000,220000000
2025-03-09,10:53:14,203000000,-3.33%,192000000,213000000
2025-03-09,12:53:14,203000000,-3.33%,192000000,213000000
2025-03-09,14:53:15,207000000,+1.97%,196000000,217000000
2025-03-09,16:53:14,213000000,+2.9%,202000000,223000000
2025-03-09,18:28:16,219000000,+2.82%,208000000,229000000
2025-03-09,18:53:13,219000000,+2.82%,208000000,229000000
2025-03-09,20:53:13,222000000,+1.37%,210000000,233000000
2025-03-09,22:53:14,221000000,-0.45%,209000000,232000000
2025-03-10,10:57:13,216000000,-1.82%,205000000,226000000
2025-03-10,12:53:14,216000000,-1.82%,205000000,226000000
2025-03-10,14:53:14,212000000,-1.85%,201000000,222000000
2025-03-10,16:53:14,215000000,+1.42%,204000000,225000000
2025-03-10,18:53:14,218000000,+1.4%,207000000,228000000
2025-03-10,20:53:15,217000000,-0.46%,206000000,227000000
2025-03-10,23:00:36,220000000,+1.38%,209000000,230000000
2025-03-11,01:12:59,224000000,+0.45%,212000000,235000000
2025-03-11,02:53:14,224000000,+0.45%,212000000,235000000
2025-03-11,04:53:14,222000000,-0.89%,210000000,233000000
2025-03-11,06:53:15,217000000,-2.25%,206000000,227000000
2025-03-11,09:02:53,199000000,-4.78%,189000000,208000000
2025-03-11,10:53:16,199000000,-4.78%,189000000,208000000
2025-03-11,15:48:19,200000000,+2.56%,190000000,209000000
2025-03-11,16:52:08,200000000,+2.56%,190000000,209000000
2025-03-11,16:53:13,200000000,+2.56%,190000000,209000000
2025-03-11,18:53:15,199000000,-0.5%,189000000,208000000
2025-03-11,20:53:14,199000000,-0.5%,189000000,208000000
2025-03-11,22:53:13,200000000,+0.5%,190000000,209000000
2025-03-12,01:01:24,205000000,+2.5%,194000000,215000000
2025-03-12,03:01:21,211000000,+2.93%,200000000,221000000
2025-03-12,04:53:15,215000000,+1.9%,204000000,225000000
2025-03-12,06:53:13,216000000,+0.47%,205000000,226000000
2025-03-12,08:53:15,207000000,-4.17%,196000000,217000000
2025-03-12,11:22:12,199000000,-3.86%,189000000,208000000
2025-03-12,12:53:16,198000000,-0.5%,188000000,207000000
2025-03-12,14:53:15,200000000,+1.01%,190000000,209000000
2025-03-12,15:06:20,200000000,+1.01%,190000000,209000000
2025-03-12,16:53:15,197000000,-1.5%,187000000,206000000
2025-03-12,18:53:30,204000000,+3.55%,193000000,214000000
2025-03-12,19:20:25,209000000,+2.45%,198000000,219000000
2025-03-12,20:53:14,209000000,+2.45%,198000000,219000000
2025-03-12,22:53:14,212000000,+1.44%,201000000,222000000
2025-03-13,01:15:09,214000000,+0.94%,203000000,224000000
2025-03-13,02:53:15,218000000,+1.87%,207000000,228000000
2025-03-13,04:53:14,222000000,+1.83%,210000000,233000000
2025-03-13,06:53:14,225000000,+1.35%,213000000,236000000
2025-03-13,09:02:48,214000000,-4.89%,203000000,224000000
2025-03-13,10:53:13,204000000,-4.67%,193000000,214000000
2025-03-13,13:22:57,185000000,-4.64%,175000000,194000000
2025-03-13,14:53:15,185000000,-4.64%,175000000,194000000
2025-03-13,16:53:14,176000000,-4.86%,167 000 000,184 000 000
2025-03-14,20:53:05,89700000,-4.17%,85 200 000,94 100 000
2025-03-14,22:53:05,86500000,-3.57%,82 100 000,90 800 000
2025-03-14,00:53:05,88600000,+2.43%,84 100 000,93 000 000
2025-03-15,02:53:05,90200000,+1.81%,85 600 000,94 700 000
2025-03-15,04:53:05,93000000,+3.1%,88 300 000,97 600 000
2025-03-15,06:53:05,94200000,+1.29%,89 400 000,98 900 000
2025-03-15,08:53:05,95500000,+1.38%,90 700 000,100 000 000
2025-03-15,10:53:05,91800000,-3.87%,87 200 000,96 300 000
2025-03-15,12:53:05,87900000,-4.25%,83 500 000,92 200 000
2025-03-15,13:28:18,84300000,-4.1%,80 000 000,88 500 000
2025-03-15,14:53:15,80700000,-4.27%,76 600 000,84 700 000
2025-03-15,16:53:14,80400000,-0.37%,76 300 000,84 400 000
2025-03-15,18:53:14,81800000,+1.74%,77 700 000,85 800 000
2025-03-15,20:53:13,83500000,+2.08%,79 300 000,87 600 000
2025-03-15,22:53:14,86000000,+2.99%,81 700 000,90 200 000
2025-03-16,01:03:08,88800000,+3.26%,84 300 000,93 200 000
2025-03-16,02:53:14,90200000,+1.58%,85 600 000,94 700 000
2025-03-16,04:53:18,94000000,+4.21%,89 300 000,98 600 000
2025-03-16,06:55:19,96500000,+2.66%,91 600 000,101 000 000
2025-03-16,08:53:13,92700000,-3.94%,88 000 000,97 300 000
2025-03-16,10:53:28,88700000,-4.31%,84 200 000,93 100 000
2025-03-16,12:53:05,84700000,-4.51%,80 400 000,88 900 000
2025-03-16,14:46:24,81300000,-4.01%,77 200 000,85 300 000
2025-03-16,14:53:15,81300000,-4.01%,77 200 000,85 300 000
2025-03-16,16:53:14,81100000,-0.25%,77 000 000,85 100 000
2025-03-16,18:53:15,82900000,+2.22%,78 700 000,87 000 000
2025-03-16,23:09:14,86400000,+3.1%,82 000 000,90 700 000
2025-03-17,00:53:14,88000000,+1.85%,83 600 000,92 300 000
2025-03-17,03:06:46,90500000,+2.84%,85 900 000,95 000 000
2025-03-17,04:53:14,92800000,+2.54%,88 100 000,97 400 000
2025-03-17,07:00:44,95000000,+2.37%,90 200 000,99 700 000
2025-03-17,08:53:14,90600000,-4.63%,86 000 000,95 100 000
2025-03-17,10:53:18,86500000,-4.53%,82 100 000,90 800 000
2025-03-17,12:53:16,82500000,-4.62%,78 300 000,86 600 000
2025-03-17,14:53:15,79000000,-4.24%,75 000 000,82 900 000
2025-03-17,16:53:14,77700000,-1.65%,73 800 000,81 500 000
2025-03-17,21:25:05,78600000,+1.03%,74 600 000,82 500 000
2025-03-17,22:53:14,80700000,+2.67%,76 600 000,84 700 000
2025-03-18,00:53:14,83000000,+2.85%,78 800 000,87 100 000
2025-03-18,02:53:14,85200000,+2.65%,80 900 000,89 400 000
2025-03-18,04:53:14,87800000,+3.05%,83 400 000,92 100 000
2025-03-18,06:53:14,87900000,+0.11%,83 500 000,92 200 000
2025-03-18,08:53:14,84100000,-4.32%,79 800 000,88 300 000
2025-03-18,10:53:14,80400000,-4.4%,76 300 000,84 400 000
2025-03-18,12:53:14,76900000,-4.35%,73 000 000,80 700 000
2025-03-18,14:53:14,74100000,-3.64%,70 300 000,77 800 000
2025-03-18,16:53:14,72800000,-1.75%,69 100 000,76 400 000
2025-03-18,18:53:14,74300000,+2.06%,70 500 000,78 000 000
2025-03-18,20:14:38,75700000,+1.88%,71 900 000,79 400 000
2025-03-18,22:01:07,78500000,+3.7%,74500000,82400000
2025-03-18,23:04:42,78500000,+3.7%,74 500 000,82 400 000
2025-03-19,16:39:17,73000000,-3.95%,69 300 000,76 600 000
2025-03-19,16:53:10,73000000,-3.95%,69 300 000,76 600 000
2025-03-19,18:53:10,74000000,+1.37%,70 300 000,77 700 000
2025-03-19,19:15:06,74000000,+1.37%,70 300 000,77 700 000
2025-03-19,19:25:38,76100000,+2.84%,72 200 000,79 900 000
2025-03-19,19:39:57,76100000,+2.84%,72 200 000,79 900 000
2025-03-19,19:50:37,76100000,+2.84%,72 200 000,79 900 000
2025-03-19,22:15:42,77700000,+2.1%,73 800 000,81 500 000
2025-03-19,22:53:09,77700000,+2.1%,73 800 000,81 500 000
2025-03-20,08:17:51,83500000,+2.96%,79 300 000,87 600 000
2025-03-20,08:53:09,83500000,+2.96%,79 300 000,87 600 000
2025-03-20,12:27:44,83500000,+2.96%,79 300 000,87 600 000
2025-03-20,12:53:09,83500000,+2.96%,79 300 000,87 600 000
2025-03-20,13:54:03,83500000,+2.96%,79 300 000,87 600 000
2025-03-20,14:53:14,83500000,+2.96%,79 300 000,87 600 000
2025-03-20,16:53:14,83500000,+2.96%,79 300 000,87 600 000
2025-03-21,01:54:27,76200000,+2.42%,72 300 000,80 000 000
2025-03-21,03:56:18,78100000,+2.49%,74 100 000,82 000 000
2025-03-21,12:17:04,68900000,-4.04%,65 400 000,72 300 000
2025-03-21,12:24:27,68900000,-4.04%,65 400 000,72 300 000
2025-03-21,12:53:14,68900000,-4.04%,65 400 000,72 300 000
2025-03-21,13:44:23,68900000,-4.04%,65 400 000,72 300 000
2025-03-21,14:53:15,67200000,-2.47%,63 800 000,70 500 000
2025-03-21,16:53:14,68500000,+1.93%,65 000 000,71 900 000
2025-03-21,18:53:15,69400000,+1.31%,65 900 000,72 800 000
2025-03-21,20:53:14,71100000,+2.45%,67 500 000,74 600 000
2025-03-21,23:19:56,75400000,+3.29%,71 600 000,79 100 000
2025-03-22,00:53:14,75400000,+3.29%,71 600 000,79 100 000
2025-03-22,02:53:14,78200000,+3.71%,74 200 000,82 100 000
2025-03-22,04:53:14,79200000,+1.28%,75 200 000,83 100 000
2025-03-22,06:53:14,80100000,+1.14%,76 000 000,84 100 000
2025-03-22,08:53:14,77000000,-3.87%,73 100 000,80 800 000
2025-03-22,11:23:33,70300000,-4.35%,66 700 000,73 800 000
2025-03-22,13:20:37,70300000,-4.35%,66 700 000,73 800 000
2025-03-22,14:55:08,71100000,+1.14%,67 500 000,74 600 000
2025-03-22,16:53:14,72500000,+1.97%,68 800 000,76 100 000
2025-03-22,20:53:20,75200000,+1.9%,71 400 000,78 900 000
2025-03-22,22:53:14,78100000,+3.86%,74 100 000,82 000 000
2025-03-23,01:41:55,82300000,+2.36%,78 100 000,86 400 000
2025-03-23,04:11:54,83700000,+1.7%,79 500 000,87 800 000
2025-03-23,06:51:31,84700000,+1.19%,80 400 000,88 900 000
2025-03-23,07:25:59,81200000,-4.13%,77 100 000,85 200 000
2025-03-23,09:12:07,81200000,-4.13%,77 100 000,85 200 000
2025-03-23,11:28:29,74700000,-3.86%,70 900 000,78 400 000
2025-03-23,12:53:14,74700000,-3.86%,70 900 000,78 400 000
2025-03-23,14:53:14,75300000,+0.8%,71 500 000,79 000 000
2025-03-23,17:39:15,78400000,+1.42%,74 400 000,82 300 000
2025-03-23,21:19:49,82900000,+2.6%,78 700 000,87 000 000
2025-03-23,22:53:14,82900000,+2.6%,78 700 000,87 000 000
2025-03-24,00:53:14,85000000,+2.53%,80 700 000,89 200 000
2025-03-24,03:44:40,87600000,+3.06%,83 200 000,91 900 000
2025-03-24,05:40:46,85500000,-2.4%,81 200 000,89 700 000
2025-03-24,06:53:14,85500000,-2.4%,81 200 000,89 700 000
2025-03-24,09:16:58,78500000,-4.27%,74 500 000,82 400 000
2025-03-24,12:36:04,75200000,-4.2%,71 400 000,78 900 000
2025-03-24,12:53:14,75200000,-4.2%,71 400 000,78 900 000
2025-03-24,13:04:57,75200000,-4.2%,71 400 000,78 900 000
2025-03-24,17:04:47,75700000,+1.75%,71 900 000,79 400 000
2025-03-24,18:53:14,77200000,+1.98%,73 300 000,81 000 000
2025-03-24,20:53:14,78100000,+1.17%,74 100 000,82 000 000
2025-03-24,22:53:14,78900000,+1.02%,74 900 000,82 800 000
2025-03-25,04:02:28,82500000,+1.23%,78 300 000,86 600 000
2025-03-25,06:15:13,82600000,+0.12%,78 400 000,86 700 000
2025-03-25,07:28:45,79100000,-4.24%,75 100 000,83 000 000
2025-03-25,10:52:42,75600000,-4.42%,71 800 000,79 300 000
2025-03-25,10:53:14,75600000,-4.42%,71 800 000,79 300 000
2025-03-25,12:53:14,72400000,-4.23%,68 700 000,76 000 000
2025-03-25,14:53:14,70100000,-3.18%,66 500 000,73 600 000
2025-03-25,16:53:16,70500000,+0.57%,66 900 000,74 000 000
2025-03-25,20:52:17,73300000,+1.95%,69 600 000,76 900 000
2025-03-25,20:53:15,73300000,+1.95%,69 600 000,76 900 000
2025-03-25,22:53:16,75000000,+2.32%,71 200 000,78 700 000
2025-03-26,00:53:15,75700000,+0.93%,71 900 000,79 400 000
2025-03-26,02:53:16,76300000,+0.79%,72 400 000,80 100 000
2025-03-26,04:53:17,77600000,+1.7%,73 700 000,81 400 000
2025-03-26,06:53:14,76800000,-1.03%,72 900 000,80 600 000
2025-03-26,08:53:15,73500000,-4.3%,69 800 000,77 100 000
2025-03-26,10:53:14,70500000,-4.08%,66 900 000,74 000 000
2025-03-26,12:53:14,68200000,-3.26%,64 700 000,71 600 000
2025-03-26,14:53:16,69000000,+1.17%,65 500 000,72 400 000
2025-03-26,16:31:31,70000000,+1.45%,0,0
2025-03-26,17:26:45,71300000,+1.86%,67700000,74800000
2025-03-26,18:15:35,71300000,+1.86%,67700000,74800000
2025-03-26,18:56:05,71300000,+1.86%,67700000,74800000
2025-03-26,20:54:35,71800000,+0.7%,68200000,75300000
2025-03-26,22:00:13,73300000,+2.09%,69600000,76900000
2025-03-26,22:58:33,73300000,+2.09%,69600000,76900000
2025-03-27,04:04:17,77600000,+0.26%,73700000,81400000
2025-03-27,05:11:06,77600000,+0.26%,73700000,81400000
2025-03-27,07:21:17,72900000,-4.46%,69200000,76500000
2025-03-27,13:15:42,64000000,-3.61%,60800000,67200000
2025-03-27,17:21:29,61400000,-4.06%,58300000,64400000
2025-03-27,17:59:19,59100000,-3.75%,56100000,62000000
2025-03-27,22:44:22,61300000,+2.68%,58200000,64300000
2025-03-27,22:53:13,61300000,+2.68%,58200000,64300000
2025-03-28,00:53:15,62100000,+1.31%,58900000,65200000
2025-03-28,02:53:14,63900000,+2.9%,60700000,67000000
2025-03-28,04:53:17,64800000,+1.41%,61500000,68000000
2025-03-28,07:53:22,62700000,-4.27%,59500000,65800000
2025-03-28,08:53:17,62700000,-4.27%,59500000,65800000
2025-03-28,10:53:14,60200000,-3.99%,57100000,63200000
2025-03-28,11:27:49,57700000,-4.15%,54800000,60500000
2025-03-28,12:53:18,57700000,-4.15%,54800000,60500000
2025-03-28,14:53:18,56300000,-2.43%,53400000,59100000
2025-03-28,16:53:18,57600000,+2.31%,54700000,60400000
2025-03-28,17:55:06,59000000,+2.43%,56000000,61900000
2025-03-28,21:07:16,60200000,+2.03%,57100000,63200000
2025-03-28,22:53:15,61200000,+1.66%,58100000,64200000
2025-03-29,03:13:28,65700000,+3.3%,62400000,68900000
2025-03-29,07:28:52,64600000,-4.15%,61300000,67800000
2025-03-29,10:15:07,62100000,-3.87%,58900000,65200000
2025-03-29,10:53:16,62100000,-3.87%,58900000,65200000
2025-03-29,12:53:16,60200000,-3.06%,57100000,63200000
2025-03-29,14:53:16,61100000,+1.5%,58000000,64100000
2025-03-29,17:35:58,64500000,+2.87%,61200000,67700000
2025-03-29,18:56:21,64500000,+2.87%,61200000,67700000
2025-03-29,20:53:16,66600000,+3.26%,63200000,69900000
2025-03-29,23:02:38,68700000,+3.15%,65200000,72100000
2025-03-30,03:34:07,71400000,+1.13%,67800000,74900000
2025-03-30,05:17:50,73600000,+3.08%,69900000,77200000
2025-03-30,07:06:22,74200000,+0.82%,70400000,77900000
2025-03-30,09:11:40,71000000,-4.31%,67400000,74500000
2025-03-30,10:53:16,67900000,-4.37%,64500000,71200000
2025-03-30,13:14:00,65100000,-4.12%,61800000,68300000
2025-03-30,14:53:16,64200000,-1.38%,60900000,67400000
2025-03-30,19:35:20,67100000,+1.98%,63700000,70400000
2025-03-30,20:05:05,68100000,+1.49%,64600000,71500000
2025-03-30,21:53:23,69100000,+1.47%,65600000,72500000
2025-03-30,22:53:15,69100000,+1.47%,65600000,72500000
2025-03-31,10:54:36,66300000,-3.77%,62900000,69600000
2025-03-31,12:53:17,64000000,-3.47%,60800000,67200000
2025-03-31,18:44:48,66100000,+0.61%,62700000,69400000
2025-03-31,18:53:15,66100000,+0.61%,62700000,69400000
2025-03-31,20:53:17,67600000,+2.27%,64200000,70900000
2025-03-31,22:53:15,69600000,+2.96%,66100000,73000000
2025-04-01,10:53:41,66400000,-4.46%,63000000,69700000
2025-04-01,12:53:16,63600000,-4.22%,60400000,66700000
2025-04-01,16:48:56,64000000,+1.91%,60800000,67200000
2025-04-01,16:53:17,64000000,+1.91%,60800000,67200000
2025-04-01,18:53:17,64800000,+1.25%,61500000,68000000
2025-04-01,23:17:26,66500000,+1.06%,63100000,69800000
2025-04-02,09:34:29,62100000,-4.17%,58900000,65200000
2025-04-02,10:53:16,62100000,-4.17%,58900000,65200000
2025-04-02,12:53:17,60400000,-2.74%,57300000,63400000
2025-04-02,14:53:17,60900000,+0.83%,57800000,63900000
2025-04-02,16:53:17,62000000,+1.81%,58900000,65000000
2025-04-02,18:53:50,62700000,+1.13%,59500000,65800000
2025-04-02,20:27:02,63800000,+1.75%,60600000,66900000
2025-04-02,20:53:17,63800000,+1.75%,60600000,66900000
2025-04-02,22:53:54,64800000,+1.57%,61500000,68000000
2025-04-03,11:20:28,63600000,-4.79%,60400000,66700000
2025-04-03,12:53:17,60800000,-4.4%,57700000,63800000
2025-04-03,14:53:17,58100000,-4.44%,55100000,61000000
2025-04-03,16:50:00,55500000,-4.48%,52700000,58200000
2025-04-03,16:53:17,55500000,-4.48%,52700000,58200000
2025-04-04,11:12:47,39400000,-4.6%,37400000,41300000
2025-04-04,23:34:22,36300000,+3.71%,34400000,38100000
2025-04-04,23:43:58,36300000,+3.71%,34400000,38100000
2025-04-04,23:57:12,36300000,+3.71%,34400000,38100000
2025-04-05,10:05:25,34900000,-4.38%,33100000,36600000
2025-04-05,10:54:20,34900000,-4.38%,33100000,36600000
2025-04-05,12:03:06,33500000,-4.01%,31800000,35100000
2025-04-05,12:54:20,33500000,-4.01%,31800000,35100000
2025-04-05,14:54:32,33900000,+1.19%,32200000,35500000
2025-04-05,16:08:22,0,0%,NA,NA
2025-04-05,16:23:39,0,0%,NA,NA
2025-04-05,16:38:10,0,0%,NA,NA
2025-04-05,16:43:01,34700000,+2.36%,32900000,36400000
2025-04-05,16:54:19,34700000,+2.36%,32900000,36400000
2025-04-05,18:54:32,35200000,+1.44%,33400000,36900000
2025-04-05,20:55:46,36400000,+3.41%,34500000,38200000
2025-04-05,22:54:32,37800000,+3.85%,35900000,39600000
2025-04-06,00:54:37,38800000,+2.65%,36800000,40700000
2025-04-06,02:53:41,40000000,+3.09%,38000000,42000000
2025-04-06,04:54:47,40400000,+1%,38300000,42400000
2025-04-06,06:53:51,41200000,+1.98%,39100000,43200000
2025-04-06,08:53:58,39300000,-4.61%,37300000,41200000
2025-04-06,10:54:02,37600000,-4.33%,35700000,39400000
2025-04-06,12:54:11,36200000,-3.72%,34300000,38000000
2025-04-06,14:54:14,37000000,+2.21%,35100000,38800000
2025-04-06,16:54:19,38000000,+2.7%,36100000,39900000
2025-04-06,18:54:35,38600000,+1.58%,36600000,40500000
2025-04-06,20:55:48,39800000,+3.11%,37800000,41700000
2025-04-06,22:54:30,41100000,+3.27%,39000000,43100000
2025-04-07,00:03:54,42700000,+3.89%,40500000,44800000
2025-04-07,08:05:50,42900000,-4.03%,40700000,45000000
2025-04-07,08:54:24,42900000,-4.03%,40700000,45000000
2025-04-07,09:41:46,41000000,-4.43%,38900000,43000000
2025-04-07,09:44:09,41000000,-4.43%,38900000,43000000
2025-04-07,10:54:23,41000000,-4.43%,38900000,43000000
2025-04-07,13:52:01,38400000,-2.04%,36400000,40300000
2025-04-07,14:54:06,38400000,-2.04%,36400000,40300000
2025-04-07,16:54:11,39200000,+2.08%,37200000,41100000
2025-04-07,18:21:18,39000000,-0.51%,37000000,40900000
2025-04-07,18:54:17,39000000,-0.51%,37000000,40900000
2025-04-07,20:54:33,39400000,+1.03%,37400000,41300000
2025-04-07,22:55:11,40200000,+2.03%,38100000,42200000
2025-04-08,00:54:44,40600000,+1%,38500000,42600000
2025-04-08,02:54:56,0,0%,NA,NA
2025-04-08,04:54:57,40900000,+0.74%,38800000,42900000
2025-04-08,06:55:03,40800000,-0.24%,38700000,42800000
2025-04-08,08:55:09,39100000,-4.17%,37100000,41000000
2025-04-08,10:25:58,37400000,-4.35%,35500000,39200000
2025-04-08,10:54:18,37400000,-4.35%,35500000,39200000
2025-04-08,12:09:38,0,0%,NA,NA
2025-04-08,12:54:40,0,0%,NA,NA
2025-04-08,12:58:13,0,0%,NA,NA
2025-04-08,13:04:45,0,0%,NA,NA
2025-04-08,13:56:05,35900000,-0.28%,34100000,37600000
2025-04-08,14:54:18,35900000,-0.28%,34100000,37600000
2025-04-08,18:08:59,36400000,0%,34500000,38200000
2025-04-08,18:54:17,36400000,0%,34500000,38200000
2025-04-08,23:37:47,38700000,0%,36700000,40600000
2025-04-09,00:54:00,38700000,0%,36700000,40600000
2025-04-09,02:54:03,39300000,0%,37300000,41200000
2025-04-09,04:54:08,39000000,0%,37000000,40900000
2025-04-09,06:54:27,39500000,0%,37500000,41400000
2025-04-09,08:55:34,38000000,0%,36100000,39900000
2025-04-09,09:51:00,36300000,0%,34400000,38100000
2025-04-09,10:38:22,36300000,0%,34400000,38100000
2025-04-09,10:54:18,36300000,0%,34400000,38100000
2025-04-09,13:56:27,34200000,0%,32400000,35900000
2025-04-09,14:02:52,34200000,0%,32400000,35900000
2025-04-09,14:54:26,34200000,0%,32400000,35900000
2025-04-09,18:55:06,35000000,0%,33200000,36700000
2025-04-09,19:51:35,36000000,0%,34200000,37800000
2025-04-09,20:55:07,36000000,0%,34200000,37800000
2025-04-09,23:04:33,36400000,0%,34500000,38200000
2025-04-10,00:54:53,37200000,0%,35300000,39000000
2025-04-10,02:54:45,38000000,0%,36100000,39900000
2025-04-10,04:54:51,38900000,0%,36900000,40800000
2025-04-10,06:53:55,39600000,0%,37600000,41500000
2025-04-10,08:53:58,40200000,0%,38100000,42200000
2025-04-10,12:28:43,42200000,0%,40000000,44300000
2025-04-10,12:54:19,42200000,0%,40000000,44300000
2025-04-10,14:37:54,43600000,0%,41400000,45700000
2025-04-10,14:54:18,43600000,0%,41400000,45700000
2025-04-10,16:54:28,45100000,0%,42800000,47300000
2025-04-10,18:55:41,46800000,0%,44400000,49100000
2025-04-10,20:54:31,48500000,0%,46000000,50900000
2025-04-10,22:54:42,50800000,0%,48200000,53300000
2025-04-10,23:02:10,50800000,0%,48200000,53300000
2025-04-11,00:54:21,53000000,0%,50300000,55600000
2025-04-11,02:54:25,55000000,0%,52200000,57700000
2025-04-11,04:54:29,56900000,0%,54000000,59700000
2025-04-11,06:54:34,58200000,0%,55200000,61100000
2025-04-11,08:54:48,59200000,0%,56200000,62100000
2025-04-11,10:54:44,60900000,0%,57800000,63900000
2025-04-11,12:54:46,62300000,0%,59100000,65400000
2025-04-11,14:53:50,64000000,0%,60800000,67200000
2025-04-11,16:53:55,66400000,0%,63000000,69700000
2025-04-11,18:53:58,67700000,0%,64300000,71000000
2025-04-11,20:54:03,69100000,0%,65600000,72500000
2025-04-11,22:54:06,71400000,0%,67800000,74900000
2025-04-12,00:54:10,74100000,0%,70300000,77800000
2025-04-12,02:54:15,76100000,0%,72200000,79900000
2025-04-12,04:54:20,77200000,0%,73300000,81000000
2025-04-12,06:54:24,76700000,0%,72800000,80500000
2025-04-12,08:54:38,76800000,0%,72900000,80600000
2025-04-12,10:53:41,77500000,0%,73600000,81300000
2025-04-12,12:53:45,78300000,0%,74300000,82200000
2025-04-12,14:53:50,79600000,0%,75600000,83500000
2025-04-12,16:53:54,80500000,0%,76400000,84500000
2025-04-12,18:53:58,82200000,0%,78000000,86300000
2025-04-12,20:54:02,84200000,0%,79900000,88400000
2025-04-12,22:54:08,86000000,0%,81700000,90200000
2025-04-13,11:59:55,86000000,0%,81700000,90200000
2025-04-13,14:03:25,89700000,0%,85200000,94100000
2025-04-13,14:54:24,89700000,0%,85200000,94100000
2025-04-13,16:54:48,90100000,0%,85500000,94600000
2025-04-13,18:54:37,91800000,0%,87200000,96300000
2025-04-13,20:53:47,92800000,0%,88100000,97400000
2025-04-13,22:53:54,93600000,0%,88900000,98200000
2025-04-14,00:54:03,93300000,0%,88600000,97900000
2025-04-14,02:54:11,92900000,0%,88200000,97500000
2025-04-14,04:54:42,91500000,0%,86900000,96000000
2025-04-14,06:28:32,91400000,0%,86800000,95900000
2025-04-14,06:54:50,91400000,0%,86800000,95900000
2025-04-14,08:54:25,91300000,0%,86700000,95800000
2025-04-14,10:03:11,89900000,0%,85400000,94300000
2025-04-14,13:01:06,89200000,0%,84700000,93600000
2025-04-14,14:54:28,90800000,0%,86200000,95300000
2025-04-14,16:09:29,92100000,0%,87400000,96700000
2025-04-14,16:54:29,92100000,0%,87400000,96700000
2025-04-14,19:09:33,92500000,0%,87800000,97100000
2025-04-15,09:19:15,91600000,0%,87000000,96100000
2025-04-15,10:54:33,92600000,0%,87900000,97200000
2025-04-15,13:09:04,92600000,0%,87900000,97200000
2025-04-15,14:14:03,92800000,0%,88100000,97400000
2025-04-15,14:38:47,92800000,0%,88100000,97400000
2025-04-15,14:54:24,92800000,0%,88100000,97400000
2025-04-15,16:06:03,92800000,0%,88100000,97400000
2025-04-15,16:54:22,94400000,0%,89600000,99100000
2025-04-15,18:54:31,96000000,0%,91200000,100000000
2025-04-15,20:54:54,98300000,0%,93300000,103000000
2025-04-15,22:54:53,100000000,0%,95000000,104000000
2025-04-16,00:55:12,99500000,0%,94500000,104000000
2025-04-16,02:55:37,98500000,0%,93500000,103000000
2025-04-16,04:54:08,97300000,0%,92400000,102000000
2025-04-16,06:54:22,96700000,0%,91800000,101000000
2025-04-16,08:56:00,95900000,0%,91100000,100000000
2025-04-16,10:54:55,96100000,0%,91200000,100000000
2025-04-16,12:31:46,96500000,0%,91600000,101000000
2025-04-16,12:54:47,96500000,0%,91600000,101000000
2025-04-16,13:22:08,96500000,0%,91600000,101000000
2025-04-16,14:55:14,96100000,0%,91200000,100000000
2025-04-16,17:20:33,97600000,0%,92700000,102000000
2025-04-16,18:55:57,97900000,0%,93000000,102000000
2025-04-16,20:54:27,99300000,0%,94300000,104000000
2025-04-16,22:54:58,100000000,0%,95000000,104000000
2025-04-17,00:54:39,100000000,0%,95000000,104000000
2025-04-17,02:53:46,98900000,0%,93900000,103000000
2025-04-17,04:53:52,96600000,0%,91700000,101000000
2025-04-17,07:11:00,91800000,0%,87200000,96300000
2025-04-17,08:54:33,89000000,0%,84500000,93400000
2025-04-17,10:22:59,88800000,0%,84300000,93200000
2025-04-17,10:54:24,88800000,0%,84300000,93200000
2025-04-18,13:01:26,97900000,0%,93000000,102000000
2025-04-18,13:25:01,97900000,0%,93000000,102000000
2025-04-18,13:40:30,97900000,0%,93000000,102000000
2025-04-18,17:16:59,99700000,0%,94700000,104000000
2025-04-18,18:42:26,99700000,0%,94700000,104000000
2025-04-18,18:53:28,99700000,0%,94700000,104000000
2025-04-19,06:02:24,104000000,0%,98800000,109000000
2025-04-19,06:53:30,103000000,0%,97800000,108000000
2025-04-19,08:54:28,102000000,0%,96900000,107000000
2025-04-19,11:38:19,103000000,0%,97800000,108000000
2025-04-19,13:05:56,103000000,0%,97800000,108000000
2025-04-19,13:33:54,103000000,0%,97800000,108000000
2025-04-19,14:02:36,103000000,0%,97800000,108000000
2025-04-19,14:20:54,103000000,0%,97800000,108000000
2025-04-19,14:54:39,103000000,0%,97800000,108000000
2025-04-19,16:25:33,103000000,0%,97800000,108000000
2025-04-19,17:02:13,102000000,0%,96900000,107000000
2025-04-19,17:35:54,102000000,0%,96900000,107000000
2025-04-19,17:48:08,102000000,0%,96900000,107000000
2025-04-19,18:32:35,102000000,0%,96900000,107000000
2025-04-19,18:47:39,102000000,0%,96900000,107000000
2025-04-19,18:52:47,102000000,0%,96900000,107000000
2025-04-19,19:07:55,102000000,0%,96900000,107000000
2025-04-20,07:22:15,104000000,0%,98800000,109000000
2025-04-20,11:03:07,104000000,0%,98800000,109000000
2025-04-20,17:06:25,107000000,0%,101000000,112000000
2025-04-20,18:53:43,107000000,0%,101000000,112000000
2025-04-21,06:33:06,108000000,0%,102000000,113000000
2025-04-21,07:08:06,107000000,0%,101000000,112000000
2025-04-21,08:53:31,107000000,0%,101000000,112000000
2025-04-21,10:54:06,108000000,0%,102000000,113000000
2025-04-21,12:53:50,108000000,0%,102000000,113000000
2025-04-21,14:53:24,109000000,0%,103000000,114000000
2025-04-21,16:53:47,108000000,0%,102000000,113000000
2025-04-21,18:53:05,108000000,0%,102000000,113000000
2025-04-21,18:54:09,108000000,0%,102000000,113000000
2025-04-21,20:53:27,108000000,0%,102000000,113000000
2025-04-21,22:53:46,108000000,0%,102000000,113000000
2025-04-22,00:53:04,108000000,0%,102000000,113000000
2025-04-22,00:54:07,108000000,0%,102000000,113000000
2025-04-22,02:53:25,109000000,0%,103000000,114000000
2025-04-22,04:53:43,107000000,0%,101000000,112000000
2025-04-22,06:53:04,107000000,0%,101000000,112000000
2025-04-22,06:54:21,107000000,0%,101000000,112000000
2025-04-22,08:53:39,104000000,0%,98800000,109000000
2025-04-22,10:52:58,102000000,0%,96900000,107000000
2025-04-22,10:54:00,102000000,0%,96900000,107000000
2025-04-22,12:53:18,102000000,0%,96900000,107000000
2025-04-22,14:53:40,104000000,0%,98800000,109000000
2025-04-22,16:54:57,104000000,0%,98800000,109000000
2025-04-22,18:53:14,106000000,0%,100000000,111000000
2025-04-22,20:53:32,105000000,0%,99700000,110000000
2025-04-22,22:53:52,105000000,0%,99700000,110000000
2025-04-23,00:53:09,107000000,0%,101000000,112000000
2025-04-23,02:53:27,108000000,0%,102000000,113000000
2025-04-23,04:53:47,108000000,0%,102000000,113000000
2025-04-23,06:53:05,107000000,0%,101000000,112000000
2025-04-23,06:54:08,107000000,0%,101000000,112000000
2025-04-23,08:53:26,107000000,0%,101000000,112000000
2025-04-23,10:53:44,105000000,0%,99700000,110000000
2025-04-23,12:53:03,106000000,0%,100000000,111000000
2025-04-23,12:54:10,106000000,0%,100000000,111000000
2025-04-23,14:58:07,106000000,0%,100000000,111000000
2025-04-24,11:42:53,91500000,0%,86900000,96000000
2025-04-24,13:11:04,83000000,0%,78800000,87100000
2025-04-24,14:53:27,83000000,0%,78800000,87100000
2025-04-24,16:53:47,74900000,0%,71100000,78600000
2025-04-24,18:53:05,74900000,0%,71100000,78600000
2025-04-24,18:54:09,74900000,0%,71100000,78600000
2025-04-24,20:53:27,67900000,0%,64500000,71200000
2025-04-24,22:53:45,65600000,0%,62300000,68800000
2025-04-25,00:53:03,65600000,0%,62300000,68800000
2025-04-25,00:54:07,65600000,0%,62300000,68800000
2025-04-25,02:53:25,66900000,0%,63500000,70200000
2025-04-25,04:53:43,66900000,0%,63500000,70200000
2025-04-25,06:53:01,61100000,0%,58000000,64100000
2025-04-25,06:54:04,61100000,0%,58000000,64100000
2025-04-25,08:53:22,61100000,0%,58000000,64100000
2025-04-25,10:53:40,55500000,0%,52700000,58200000
2025-04-25,12:52:59,55500000,0%,52700000,58200000
2025-04-25,12:54:02,55500000,0%,52700000,58200000
2025-04-26,08:03:28,49600000,0%,47100000,52000000
2025-04-26,08:55:05,49600000,0%,47100000,52000000
2025-04-26,11:14:55,49600000,0%,47100000,52000000
2025-04-26,12:57:41,49600000,0%,47100000,52000000
2025-04-26,15:44:55,49600000,0%,47100000,52000000
2025-04-26,17:06:34,49600000,0%,47100000,52000000
2025-04-26,18:56:31,49600000,0%,47100000,52000000
2025-04-26,20:54:07,49600000,0%,47100000,52000000
2025-04-26,23:03:23,49600000,0%,47100000,52000000
2025-04-27,00:54:13,49600000,0%,47100000,52000000
2025-04-27,02:54:23,49600000,0%,47100000,52000000
2025-04-27,04:56:04,49600000,0%,47100000,52000000
2025-04-27,06:56:58,49600000,0%,47100000,52000000
2025-04-27,09:06:47,49600000,0%,47100000,52000000
2025-04-27,10:54:36,49600000,0%,47100000,52000000
2025-04-27,12:55:25,49600000,0%,47100000,52000000
2025-04-27,14:57:24,49600000,0%,47100000,52000000
2025-04-27,17:29:20,49600000,0%,47100000,52000000
2025-04-27,19:00:19,49600000,0%,47100000,52000000
2025-04-27,20:55:16,49600000,0%,47100000,52000000
2025-04-27,22:55:07,49600000,0%,47100000,52000000
2025-04-28,00:54:29,49600000,0%,47100000,52000000
2025-04-28,02:55:11,49600000,0%,47100000,52000000
2025-04-28,04:56:29,49600000,0%,47100000,52000000
2025-04-28,07:03:06,49600000,0%,47100000,52000000
2025-04-28,08:53:24,49600000,0%,47100000,52000000
2025-04-28,10:53:41,49600000,0%,47100000,52000000
2025-04-28,12:53:00,42100000,0%,39900000,44200000
2025-04-28,12:54:03,42100000,0%,39900000,44200000
2025-04-28,14:53:22,42100000,0%,39900000,44200000
2025-04-28,16:53:42,42700000,0%,40500000,44800000
2025-04-28,18:53:00,42700000,0%,40500000,44800000
2025-04-28,18:54:03,42700000,0%,40500000,44800000
2025-04-28,20:53:21,43900000,0%,41700000,46000000
2025-04-28,22:53:38,43900000,0%,41700000,46000000
2025-04-29,00:52:56,45500000,0%,43200000,47700000
2025-04-29,00:53:59,45500000,0%,43200000,47700000
2025-04-29,02:53:18,45500000,0%,43200000,47700000
2025-04-29,04:53:36,43900000,0%,41700000,46000000
2025-04-29,06:53:54,43900000,0%,41700000,46000000
2025-04-29,08:53:12,40000000,0%,38000000,42000000
2025-04-29,10:53:30,40000000,0%,38000000,42000000
2025-04-29,12:53:49,36300000,0%,34400000,38100000
2025-04-29,14:53:08,36300000,0%,34400000,38100000
2025-04-29,16:53:28,33900000,0%,32200000,35500000
2025-04-29,19:49:07,35300000,0%,33500000,37000000
2025-04-29,20:54:05,35300000,0%,33500000,37000000
2025-04-29,22:53:25,35300000,0%,33500000,37000000
2025-04-30,00:53:47,37100000,0%,35200000,38900000
2025-04-30,02:54:03,37100000,0%,35200000,38900000
2025-04-30,04:53:25,37500000,0%,35600000,39300000
2025-04-30,07:30:53,37500000,0%,35600000,39300000
2025-04-30,08:54:46,36300000,0%,34400000,38100000
2025-04-30,10:53:04,36300000,0%,34400000,38100000
2025-04-30,10:54:16,36300000,0%,34400000,38100000
2025-04-30,12:54:31,36800000,0%,34900000,38600000
2025-04-30,14:53:54,36800000,0%,34900000,38600000
2025-04-30,16:53:13,38400000,0%,36400000,40300000
2025-04-30,18:54:27,38400000,0%,36400000,40300000
2025-04-30,20:53:45,39500000,0%,37500000,41400000
2025-04-30,22:53:03,39500000,0%,37500000,41400000
2025-04-30,22:54:14,39500000,0%,37500000,41400000
2025-05-01,00:54:32,40500000,0%,38400000,42500000
2025-05-01,02:53:56,40500000,0%,38400000,42500000
2025-05-01,04:53:36,38300000,0%,36300000,40200000
2025-05-01,07:02:01,38300000,0%,36300000,40200000
