Неделя_конец,Игрок,Мин_7дн,Макс_7дн,Среднее_средних_7дн,Дней_учтено
2025-03-09,Joško Gvardiol 101,30100000,42800000,34612500.00,4
2025-03-09,João Cancelo 101,0,124000000,77666666.67,3
2025-03-09,Marc Cucurella 101,91500000,134000000,114372222.22,3
2025-03-09,Nicolás Tagliafico 101,31100000,44300000,36814583.33,4
2025-03-09,Joško Gvardiol 102,0,254000000,177083333.33,3
2025-03-09,Marc Cucurella 100,0,0,0.00,1
2025-03-09,Vanderson 100,79600000,148000000,108253750.00,4
2025-03-09,Caio Henrique 98,35200000,64900000,47317500.00,4
2025-03-09,David López 103,134000000,166000000,151187500.00,4
2025-03-09,Pedri 101,121000000,170000000,151062500.00,4
2025-03-09,Sander Berge 102,54100000,77000000,65927083.33,4
2025-03-09,Curtis Jones 102,69600000,85600000,77481250.00,4
2025-03-09,Pedri 102,150000000,159000000,154500000.00,2
2025-03-09,Pervis Estupiñán 103,315000000,382000000,348500000.00,2
2025-03-09,Leandro Paredes 103,352000000,425000000,388500000.00,2
2025-03-09,Marcos Acuña 105,1640000000,1790000000,1715000000.00,2
2025-03-09,Daniel Muñoz 105,2090000000,2300000000,2195000000.00,2
2025-03-09,Subhasish Bose 103,86000000,86000000,86000000.00,1
2025-03-09,Sandesh Jhingan 104,186000000,186000000,186000000.00,1
2025-03-09,Anirudh Thapa 103,89800000,89800000,89800000.00,1
2025-03-09,Scott McTominay 103,207000000,207000000,207000000.00,1
2025-03-09,Nuno Tavares 103,207000000,207000000,207000000.00,1
2025-03-09,João Neves 103,208000000,208000000,208000000.00,1
2025-03-09,Fred 103,211000000,211000000,211000000.00,1
2025-03-09,Calvin Verdonk 101,217000000,217000000,217000000.00,1
2025-03-09,Joško Gvardiol 101,40200000.00
2025-03-09,João Cancelo 101,104666666.67
2025-03-09,Marc Cucurella 101,76333333.33
2025-03-09,Nicolás Tagliafico 101,42533333.33
2025-03-09,Joško Gvardiol 102,199333333.33
2025-03-09,Marc Cucurella 100,372666666.67
2025-03-09,Vanderson 100,78050000.00
2025-03-09,Caio Henrique 98,32950000.00
2025-03-09,David López 103,151000000.00
2025-03-09,Pedri 101,175000000.00
2025-03-09,Sander Berge 102,75900000.00
2025-03-09,Curtis Jones 102,79000000.00
2025-03-09,2025-03-04,120950000.00
2025-03-09,2025-03-05,65833333.33
2025-03-09,2025-03-06,81563636.36
2025-03-09,2025-03-07,400946153.85
2025-03-09,2025-03-08,322625000.00
2025-03-16,2025-03-04,32200000,365000000,0.00,12
2025-03-16,2025-03-05,0,214000000,0.00,12
2025-03-16,2025-03-06,30100000,175000000,0.00,11
2025-03-16,2025-03-07,30600000,2090000000,0.00,13
2025-03-16,2025-03-08,33700000,2300000000,0.00,24
2025-03-16,2025-03-09,36700000,1960000000,0.00,24
2025-03-16,2025-03-10,36000000,1970000000,0.00,25
2025-03-16,2025-03-11,37100000,2360000000,0.00,24
2025-03-16,2025-03-12,37700000,2400000000,0.00,24
2025-03-16,2025-03-13,29800000,2790000000,0.00,25
2025-03-16,2025-03-14,16500000,2680000000,0.00,25
2025-03-16,2025-03-04,120950000.00
2025-03-16,2025-03-05,65833333.33
2025-03-16,2025-03-06,81563636.36
2025-03-16,2025-03-07,400946153.85
2025-03-16,2025-03-08,322625000.00
2025-03-16,2025-03-09,315683333.33
2025-03-16,2025-03-10,320656000.00
2025-03-16,2025-03-11,365466666.67
2025-03-16,2025-03-12,386312500.00
2025-03-16,2025-03-13,364696000.00
2025-03-16,2025-03-14,334036000.00
2025-03-16,2025-03-15,330816666.67
2025-03-16,2025-03-04,120950000.00
2025-03-16,2025-03-05,65833333.33
2025-03-16,2025-03-06,81563636.36
2025-03-16,2025-03-07,400946153.85
2025-03-16,2025-03-08,322625000.00
2025-03-16,2025-03-09,315683333.33
2025-03-16,2025-03-10,320656000.00
2025-03-16,2025-03-11,365466666.67
2025-03-16,2025-03-12,386312500.00
2025-03-16,2025-03-13,364696000.00
2025-03-16,2025-03-14,334036000.00
2025-03-16,2025-03-15,330816666.67
2025-03-16,2025-03-04,120950000.00
2025-03-16,2025-03-05,65833333.33
2025-03-16,2025-03-06,81563636.36
2025-03-16,2025-03-07,400946153.85
2025-03-16,2025-03-08,322625000.00
2025-03-16,2025-03-09,315683333.33
2025-03-16,2025-03-10,320656000.00
2025-03-16,2025-03-11,365466666.67
2025-03-16,2025-03-12,386312500.00
2025-03-16,2025-03-13,364696000.00
2025-03-16,2025-03-14,334036000.00
2025-03-16,2025-03-15,330816666.67
2025-03-20,2025-03-04,0,0,0.00,12
2025-03-20,2025-03-05,0,0,0.00,12
2025-03-20,2025-03-06,0,0,0.00,11
2025-03-20,2025-03-07,0,0,0.00,13
2025-03-20,2025-03-08,0,0,0.00,24
2025-03-20,2025-03-09,0,0,0.00,24
2025-03-20,2025-03-10,0,0,0.00,25
2025-03-20,2025-03-11,0,0,0.00,24
2025-03-20,2025-03-12,0,0,0.00,24
2025-03-20,2025-03-13,0,0,0.00,25
2025-03-20,Vanderson 100,0,0,0.00,48
2025-03-20,Leandro Paredes 103,0,0,0.00,41
2025-03-20,Joško Gvardiol 102,0,0,0.00,28
2025-03-20,João Cancelo 101,0,0,0.00,22
2025-03-20,Joško Gvardiol 101,0,0,0.00,45
2025-03-20,Nuno Tavares 103,0,0,0.00,48
2025-03-20,Pedri 102,0,0,0.00,44
2025-03-20,Pedri 101,0,0,0.00,44
2025-03-20,Marc Cucurella 101,0,0,0.00,29
2025-03-20,Marc Cucurella 100,0,0,0.00,18
2025-03-20,Pervis Estupiñán 103,0,0,0.00,46
2025-03-20,Daniel Muñoz 105,0,0,0.00,31
2025-03-20,João Neves 103,0,0,0.00,49
2025-03-20,Scott McTominay 103,0,0,0.00,47
2025-03-20,Caio Henrique 98,0,0,0.00,47
2025-03-20,Nicolás Tagliafico 101,0,0,0.00,41
2025-03-20,Marcos Acuña 105,0,0,0.00,36
2025-03-20,Calvin Verdonk 101,0,0,0.00,42
2025-03-20,Anirudh Thapa 103,0,0,0.00,46
2025-03-20,Curtis Jones 102,0,0,0.00,46
2025-03-20,Fred 103,0,0,0.00,41
2025-03-20,Subhasish Bose 103,0,0,0.00,47
2025-03-20,Sandesh Jhingan 104,0,0,0.00,46
2025-03-20,Sander Berge 102,0,0,0.00,47
2025-03-20,David López 103,0,0,0.00,43
2025-03-20,2025-03-14,0,0,0.00,2
2025-03-22,2025-03-04,0,0,0.00,12,0.00
2025-03-22,2025-03-05,0,0,0.00,12,0.00
2025-03-22,2025-03-06,0,0,0.00,11,0.00
2025-03-22,2025-03-07,0,0,0.00,13,0.00
2025-03-22,2025-03-08,0,0,0.00,24,0.00
2025-03-22,2025-03-09,0,0,0.00,24,0.00
2025-03-22,2025-03-10,0,0,0.00,25,0.00
2025-03-22,2025-03-11,0,0,0.00,24,0.00
2025-03-22,2025-03-12,0,0,0.00,24,0.00
2025-03-22,2025-03-13,0,0,0.00,25,0.00
2025-03-22,2025-03-14,0,0,0.00,2,0.00
2025-03-22,Joško Gvardiol 102,0,0,0.00,17,0.00
2025-03-22,Marc Cucurella 101,0,0,0.00,21,0.00
2025-03-22,Pedri 101,0,0,0.00,42,0.00
2025-03-22,Pedri 102,0,0,0.00,42,0.00
2025-03-22,João Neves 103,0,0,0.00,52,0.00
2025-03-22,Nicolás Tagliafico 101,0,0,0.00,41,0.00
2025-03-22,Sander Berge 102,0,0,0.00,45,0.00
2025-03-22,Scott McTominay 103,0,0,0.00,47,0.00
2025-03-22,Nuno Tavares 103,0,0,0.00,47,0.00
2025-03-22,Fred 103,0,0,0.00,40,0.00
2025-03-22,Calvin Verdonk 101,0,0,0.00,44,0.00
2025-03-22,Joško Gvardiol 101,0,0,0.00,46,0.00
2025-03-22,Vanderson 100,0,0,0.00,49,0.00
2025-03-22,Caio Henrique 98,0,0,0.00,49,0.00
2025-03-22,David López 103,0,0,0.00,41,0.00
2025-03-22,Curtis Jones 102,0,0,0.00,43,0.00
2025-03-22,Pervis Estupiñán 103,0,0,0.00,46,0.00
2025-03-22,Leandro Paredes 103,0,0,0.00,40,0.00
2025-03-22,Marcos Acuña 105,0,0,0.00,38,0.00
2025-03-22,Daniel Muñoz 105,0,0,0.00,33,0.00
2025-03-22,Sandesh Jhingan 104,0,0,0.00,45,0.00
2025-03-22,Subhasish Bose 103,0,0,0.00,45,0.00
2025-03-22,Anirudh Thapa 103,0,0,0.00,46,0.00
2025-03-22,Marc Cucurella 100,0,0,0.00,2,0.00
2025-03-22,João Cancelo 101,0,0,0.00,9,0.00
2025-03-23,2025-03-04,0,0,0.00,12,0.00
2025-03-23,2025-03-05,0,0,0.00,12,0.00
2025-03-23,2025-03-06,0,0,0.00,11,0.00
2025-03-23,2025-03-07,0,0,0.00,13,0.00
2025-03-23,2025-03-08,0,0,0.00,24,0.00
2025-03-23,2025-03-09,0,0,0.00,24,0.00
2025-03-23,2025-03-10,0,0,0.00,25,0.00
2025-03-23,2025-03-11,0,0,0.00,24,0.00
2025-03-23,2025-03-12,0,0,0.00,24,0.00
2025-03-23,2025-03-13,0,0,0.00,25,0.00
2025-03-23,2025-03-14,0,0,0.00,2,0.00
2025-03-23,Pedri 101,0,0,0.00,42,0.00
2025-03-23,Pedri 102,0,0,0.00,38,0.00
2025-03-23,Marc Cucurella 101,0,0,0.00,23,0.00
2025-03-23,Nicolás Tagliafico 101,0,0,0.00,47,0.00
2025-03-23,Sander Berge 102,0,0,0.00,45,0.00
2025-03-23,Scott McTominay 103,0,0,0.00,46,0.00
2025-03-23,Nuno Tavares 103,0,0,0.00,46,0.00
2025-03-23,João Neves 103,0,0,0.00,50,0.00
2025-03-23,Fred 103,0,0,0.00,43,0.00
2025-03-23,Calvin Verdonk 101,0,0,0.00,46,0.00
2025-03-23,Joško Gvardiol 101,0,0,0.00,49,0.00
2025-03-23,Vanderson 100,0,0,0.00,48,0.00
2025-03-23,Caio Henrique 98,0,0,0.00,49,0.00
2025-03-23,David López 103,0,0,0.00,45,0.00
2025-03-23,Curtis Jones 102,0,0,0.00,43,0.00
2025-03-23,Pervis Estupiñán 103,0,0,0.00,47,0.00
2025-03-23,Leandro Paredes 103,0,0,0.00,45,0.00
2025-03-23,Marcos Acuña 105,0,0,0.00,45,0.00
2025-03-23,Daniel Muñoz 105,0,0,0.00,42,0.00
2025-03-23,Joško Gvardiol 102,0,0,0.00,13,0.00
2025-03-23,Sandesh Jhingan 104,0,0,0.00,45,0.00
2025-03-23,Subhasish Bose 103,0,0,0.00,42,0.00
2025-03-23,Anirudh Thapa 103,0,0,0.00,46,0.00
2025-03-23,João Cancelo 101,0,0,0.00,7,0.00
2025-03-24,2025-03-04,0,0,0.00,12,0.00
2025-03-24,2025-03-05,0,0,0.00,12,0.00
2025-03-24,2025-03-06,0,0,0.00,11,0.00
2025-03-24,2025-03-07,0,0,0.00,13,0.00
2025-03-24,2025-03-08,0,0,0.00,24,0.00
2025-03-24,2025-03-09,0,0,0.00,24,0.00
2025-03-24,2025-03-10,0,0,0.00,25,0.00
2025-03-24,2025-03-11,0,0,0.00,24,0.00
2025-03-24,2025-03-12,0,0,0.00,24,0.00
2025-03-24,2025-03-13,0,0,0.00,25,0.00
2025-03-24,2025-03-14,0,0,0.00,2,0.00
2025-03-24,Joško Gvardiol 101,0,0,0.00,56,0.00
2025-03-24,João Cancelo 101,0,0,0.00,5,0.00
2025-03-24,Marc Cucurella 101,0,0,0.00,26,0.00
2025-03-24,Nicolás Tagliafico 101,0,0,0.00,56,0.00
2025-03-24,Vanderson 100,0,0,0.00,54,0.00
2025-03-24,Caio Henrique 98,0,0,0.00,56,0.00
2025-03-24,David López 103,0,0,0.00,52,0.00
2025-03-24,Pedri 101,0,0,0.00,50,0.00
2025-03-24,Sander Berge 102,0,0,0.00,50,0.00
2025-03-24,Curtis Jones 102,0,0,0.00,51,0.00
2025-03-24,Pedri 102,0,0,0.00,44,0.00
2025-03-24,Pervis Estupiñán 103,0,0,0.00,55,0.00
2025-03-24,Leandro Paredes 103,0,0,0.00,52,0.00
2025-03-24,Marcos Acuña 105,0,0,0.00,56,0.00
2025-03-24,Daniel Muñoz 105,0,0,0.00,56,0.00
2025-03-24,Subhasish Bose 103,0,0,0.00,50,0.00
2025-03-24,Sandesh Jhingan 104,0,0,0.00,53,0.00
2025-03-24,Anirudh Thapa 103,0,0,0.00,55,0.00
2025-03-24,Scott McTominay 103,0,0,0.00,55,0.00
2025-03-24,Nuno Tavares 103,0,0,0.00,55,0.00
2025-03-24,João Neves 103,0,0,0.00,57,0.00
2025-03-24,Fred 103,0,0,0.00,49,0.00
2025-03-24,Calvin Verdonk 101,0,0,0.00,47,0.00
2025-03-24,Joško Gvardiol 102,0,0,0.00,13,0.00
2025-03-24,2025-03-04,0,0,0.00,12,0.00
2025-03-24,2025-03-05,0,0,0.00,12,0.00
2025-03-24,2025-03-06,0,0,0.00,11,0.00
2025-03-24,2025-03-07,0,0,0.00,13,0.00
2025-03-24,2025-03-08,0,0,0.00,24,0.00
2025-03-24,2025-03-09,0,0,0.00,24,0.00
2025-03-24,2025-03-10,0,0,0.00,25,0.00
2025-03-24,2025-03-11,0,0,0.00,24,0.00
2025-03-24,2025-03-12,0,0,0.00,24,0.00
2025-03-24,2025-03-13,0,0,0.00,25,0.00
2025-03-24,2025-03-14,0,0,0.00,2,0.00
2025-03-24,Joško Gvardiol 101,0,0,0.00,56,0.00
2025-03-24,João Cancelo 101,0,0,0.00,5,0.00
2025-03-24,Marc Cucurella 101,0,0,0.00,26,0.00
2025-03-24,Nicolás Tagliafico 101,0,0,0.00,56,0.00
2025-03-24,Vanderson 100,0,0,0.00,55,0.00
2025-03-24,Caio Henrique 98,0,0,0.00,56,0.00
2025-03-24,David López 103,0,0,0.00,52,0.00
2025-03-24,Pedri 101,0,0,0.00,50,0.00
2025-03-24,Sander Berge 102,0,0,0.00,50,0.00
2025-03-24,Curtis Jones 102,0,0,0.00,51,0.00
2025-03-24,Pedri 102,0,0,0.00,44,0.00
2025-03-24,Pervis Estupiñán 103,0,0,0.00,55,0.00
2025-03-24,Leandro Paredes 103,0,0,0.00,52,0.00
2025-03-24,Marcos Acuña 105,0,0,0.00,56,0.00
2025-03-24,Daniel Muñoz 105,0,0,0.00,56,0.00
2025-03-24,Subhasish Bose 103,0,0,0.00,50,0.00
2025-03-24,Sandesh Jhingan 104,0,0,0.00,53,0.00
2025-03-24,Anirudh Thapa 103,0,0,0.00,55,0.00
2025-03-24,Scott McTominay 103,0,0,0.00,55,0.00
2025-03-24,Nuno Tavares 103,0,0,0.00,55,0.00
2025-03-24,João Neves 103,0,0,0.00,57,0.00
2025-03-24,Fred 103,0,0,0.00,49,0.00
2025-03-24,Calvin Verdonk 101,0,0,0.00,47,0.00
2025-03-24,Joško Gvardiol 102,0,0,0.00,13,0.00
2025-03-25,2025-03-04,0,0,0.00,12,0.00
2025-03-25,2025-03-05,0,0,0.00,12,0.00
2025-03-25,2025-03-06,0,0,0.00,11,0.00
2025-03-25,2025-03-07,0,0,0.00,13,0.00
2025-03-25,2025-03-08,0,0,0.00,24,0.00
2025-03-25,2025-03-09,0,0,0.00,24,0.00
2025-03-25,2025-03-10,0,0,0.00,25,0.00
2025-03-25,2025-03-11,0,0,0.00,24,0.00
2025-03-25,2025-03-12,0,0,0.00,24,0.00
2025-03-25,2025-03-13,0,0,0.00,25,0.00
2025-03-25,2025-03-14,0,0,0.00,2,0.00
2025-03-25,Joško Gvardiol 101,0,0,0.00,63,0.00
2025-03-25,João Cancelo 101,0,0,0.00,5,0.00
2025-03-25,Marc Cucurella 101,0,0,0.00,27,0.00
2025-03-25,Nicolás Tagliafico 101,0,0,0.00,62,0.00
2025-03-25,Vanderson 100,0,0,0.00,63,0.00
2025-03-25,Caio Henrique 98,0,0,0.00,64,0.00
2025-03-25,David López 103,0,0,0.00,59,0.00
2025-03-25,Pedri 101,0,0,0.00,57,0.00
2025-03-25,Sander Berge 102,0,0,0.00,57,0.00
2025-03-25,Curtis Jones 102,0,0,0.00,58,0.00
2025-03-25,Pedri 102,0,0,0.00,50,0.00
2025-03-25,Pervis Estupiñán 103,0,0,0.00,63,0.00
2025-03-25,Leandro Paredes 103,0,0,0.00,61,0.00
2025-03-25,Marcos Acuña 105,0,0,0.00,64,0.00
2025-03-25,Daniel Muñoz 105,0,0,0.00,64,0.00
2025-03-25,Subhasish Bose 103,0,0,0.00,59,0.00
2025-03-25,Sandesh Jhingan 104,0,0,0.00,62,0.00
2025-03-25,Anirudh Thapa 103,0,0,0.00,64,0.00
2025-03-25,Scott McTominay 103,0,0,0.00,62,0.00
2025-03-25,Nuno Tavares 103,0,0,0.00,62,0.00
2025-03-25,João Neves 103,0,0,0.00,64,0.00
2025-03-25,Fred 103,0,0,0.00,56,0.00
2025-03-25,Calvin Verdonk 101,0,0,0.00,54,0.00
2025-03-25,Joško Gvardiol 102,0,0,0.00,14,0.00
2025-03-26,2025-03-04,0,0,0.00,12,0.00
2025-03-26,2025-03-05,0,0,0.00,12,0.00
2025-03-26,2025-03-06,0,0,0.00,11,0.00
2025-03-26,2025-03-07,0,0,0.00,13,0.00
2025-03-26,2025-03-08,0,0,0.00,24,0.00
2025-03-26,2025-03-09,0,0,0.00,24,0.00
2025-03-26,2025-03-10,0,0,0.00,25,0.00
2025-03-26,2025-03-11,0,0,0.00,24,0.00
2025-03-26,2025-03-12,0,0,0.00,24,0.00
2025-03-26,2025-03-13,0,0,0.00,25,0.00
2025-03-26,2025-03-14,0,0,0.00,2,0.00
2025-03-26,Joško Gvardiol 101,0,0,0.00,75,0.00
2025-03-26,João Cancelo 101,0,0,0.00,7,0.00
2025-03-26,Marc Cucurella 101,0,0,0.00,32,0.00
2025-03-26,Nicolás Tagliafico 101,0,0,0.00,74,0.00
2025-03-26,Vanderson 100,0,0,0.00,75,0.00
2025-03-26,Caio Henrique 98,0,0,0.00,76,0.00
2025-03-26,David López 103,0,0,0.00,70,0.00
2025-03-26,Pedri 101,0,0,0.00,70,0.00
2025-03-26,Sander Berge 102,0,0,0.00,70,0.00
2025-03-26,Curtis Jones 102,0,0,0.00,68,0.00
2025-03-26,Pedri 102,0,0,0.00,57,0.00
2025-03-26,Pervis Estupiñán 103,0,0,0.00,75,0.00
2025-03-26,Leandro Paredes 103,0,0,0.00,73,0.00
2025-03-26,Marcos Acuña 105,0,0,0.00,76,0.00
2025-03-26,Daniel Muñoz 105,0,0,0.00,75,0.00
2025-03-26,Subhasish Bose 103,0,0,0.00,69,0.00
2025-03-26,Sandesh Jhingan 104,0,0,0.00,73,0.00
2025-03-26,Anirudh Thapa 103,0,0,0.00,76,0.00
2025-03-26,Scott McTominay 103,0,0,0.00,75,0.00
2025-03-26,Nuno Tavares 103,0,0,0.00,74,0.00
2025-03-26,João Neves 103,0,0,0.00,77,0.00
2025-03-26,Fred 103,0,0,0.00,67,0.00
2025-03-26,Calvin Verdonk 101,0,0,0.00,66,0.00
2025-03-26,Joško Gvardiol 102,0,0,0.00,17,0.00
2025-03-27,Joško Gvardiol 101,24200000.0,26600000.0,25200000.0,1,0.10
2025-03-27,João Cancelo 101,81600000.0,86100000.0,82500000.0,1,0.05
2025-03-27,Marc Cucurella 101,89600000.0,102000000.0,90900000.0,1,0.14
2025-03-27,Nicolás Tagliafico 101,18000000.0,20300000.0,19600000.0,1,0.12
2025-03-27,Joško Gvardiol 102,177000000.0,185000000.0,181000000.0,1,0.04
2025-03-27,Vanderson 100,18100000.0,20500000.0,20000000.0,1,0.12
2025-03-27,Caio Henrique 98,15100000.0,15100000.0,15100000.0,1,0.00
2025-03-27,David López 103,99400000.0,113000000.0,100000000.0,1,0.14
2025-03-27,Pedri 101,27300000.0,30600000.0,28200000.0,1,0.12
2025-03-27,Sander Berge 102,20500000.0,21600000.0,21000000.0,1,0.05
2025-03-27,Curtis Jones 102,61300000.0,64400000.0,63800000.0,1,0.05
2025-03-27,Pedri 102,50700000.0,56500000.0,54900000.0,1,0.11
2025-03-27,Pervis Estupiñán 103,256000000.0,277000000.0,268000000.0,1,0.08
2025-03-27,Leandro Paredes 103,206000000.0,227000000.0,209000000.0,1,0.10
2025-03-27,Marcos Acuña 105,1770000000.0,1920000000.0,1820000000.0,1,0.08
2025-03-27,Daniel Muñoz 105,1430000000.0,1610000000.0,1430000000.0,1,0.13
2025-03-27,Subhasish Bose 103,39300000.0,40000000.0,39600000.0,1,0.02
2025-03-27,Sandesh Jhingan 104,102000000.0,106000000.0,106000000.0,1,0.04
2025-03-27,Anirudh Thapa 103,37900000.0,39100000.0,38800000.0,1,0.03
2025-03-27,Scott McTominay 103,35500000.0,41100000.0,38900000.0,1,0.14
2025-03-27,Nuno Tavares 103,149000000.0,164000000.0,158000000.0,1,0.09
2025-03-27,João Neves 103,68200000.0,77600000.0,73300000.0,1,0.13
2025-03-27,Fred 103,170000000.0,188000000.0,172000000.0,1,0.10
2025-03-27,Calvin Verdonk 101,220000000.0,245000000.0,245000000.0,1,0.10
2025-03-27,Roy Keane 98,18000000.0,18000000.0,18000000.0,1,0.00
2025-03-28,Joško Gvardiol 101,20000000.0,25700000.0,20000000.0,1,0.28
2025-03-28,Marc Cucurella 101,82200000.0,95700000.0,82200000.0,1,0.16
2025-03-28,Nicolás Tagliafico 101,15500000.0,19400000.0,15600000.0,1,0.25
2025-03-28,Joško Gvardiol 102,165000000.0,165000000.0,165000000.0,1,0.00
2025-03-28,Vanderson 100,15800000.0,19500000.0,15800000.0,1,0.23
2025-03-28,Caio Henrique 98,15000000.0,15100000.0,15000000.0,1,0.01
2025-03-28,David López 103,96800000.0,104000000.0,104000000.0,1,0.07
2025-03-28,Pedri 101,22500000.0,29300000.0,22500000.0,1,0.30
2025-03-28,Sander Berge 102,20000000.0,21400000.0,20000000.0,1,0.07
2025-03-28,Curtis Jones 102,54000000.0,62200000.0,54400000.0,1,0.15
2025-03-28,Pedri 102,43600000.0,56600000.0,44100000.0,1,0.29
2025-03-28,Pervis Estupiñán 103,226000000.0,277000000.0,234000000.0,1,0.22
2025-03-28,Leandro Paredes 103,172000000.0,219000000.0,172000000.0,1,0.27
2025-03-28,Marcos Acuña 105,1750000000.0,1870000000.0,1770000000.0,1,0.07
2025-03-28,Daniel Muñoz 105,1450000000.0,1590000000.0,1470000000.0,1,0.10
2025-03-28,Subhasish Bose 103,38600000.0,40300000.0,39600000.0,1,0.04
2025-03-28,Sandesh Jhingan 104,101000000.0,107000000.0,105000000.0,1,0.06
2025-03-28,Anirudh Thapa 103,37900000.0,39000000.0,38500000.0,1,0.03
2025-03-28,Scott McTominay 103,30400000.0,41200000.0,30900000.0,1,0.35
2025-03-28,Nuno Tavares 103,127000000.0,165000000.0,134000000.0,1,0.28
2025-03-28,João Neves 103,59100000.0,77600000.0,61300000.0,1,0.30
2025-03-28,Fred 103,146000000.0,182000000.0,158000000.0,1,0.23
2025-03-28,Calvin Verdonk 101,203000000.0,229000000.0,211000000.0,1,0.12
2025-03-29,Joško Gvardiol 101,19400000.0,20700000.0,19800000.0,1,0.07
2025-03-29,Marc Cucurella 101,82500000.0,84800000.0,82500000.0,1,0.03
2025-03-29,Nicolás Tagliafico 101,15500000.0,16200000.0,15700000.0,1,0.04
2025-03-29,Joško Gvardiol 102,146000000.0,149000000.0,146000000.0,1,0.02
2025-03-29,Vanderson 100,15700000.0,16600000.0,15900000.0,1,0.06
2025-03-29,Caio Henrique 98,15000000.0,15000000.0,15000000.0,1,0.00
2025-03-29,David López 103,101000000.0,109000000.0,104000000.0,1,0.08
2025-03-29,Pedri 101,21900000.0,23800000.0,22800000.0,1,0.08
2025-03-29,Sander Berge 102,20000000.0,20000000.0,20000000.0,1,0.00
2025-03-29,Curtis Jones 102,54900000.0,58600000.0,58400000.0,1,0.06
2025-03-29,Pedri 102,40000000.0,47700000.0,41400000.0,1,0.19
2025-03-29,Pervis Estupiñán 103,216000000.0,236000000.0,225000000.0,1,0.09
2025-03-29,Leandro Paredes 103,174000000.0,185000000.0,180000000.0,1,0.06
2025-03-29,Marcos Acuña 105,1790000000.0,1930000000.0,1930000000.0,1,0.07
2025-03-29,Daniel Muñoz 105,1460000000.0,1590000000.0,1590000000.0,1,0.08
2025-03-29,Subhasish Bose 103,38700000.0,40200000.0,40200000.0,1,0.04
2025-03-29,Sandesh Jhingan 104,102000000.0,106000000.0,105000000.0,1,0.04
2025-03-29,Anirudh Thapa 103,37200000.0,38700000.0,38200000.0,1,0.04
2025-03-29,Scott McTominay 103,28500000.0,33000000.0,30500000.0,1,0.15
2025-03-29,Nuno Tavares 103,119000000.0,136000000.0,129000000.0,1,0.13
2025-03-29,João Neves 103,56300000.0,64800000.0,61200000.0,1,0.14
2025-03-29,Fred 103,146000000.0,157000000.0,153000000.0,1,0.07
2025-03-29,Calvin Verdonk 101,201000000.0,224000000.0,224000000.0,1,0.10
2025-03-30,Joško Gvardiol 101,19700000.0,21300000.0,20100000.0,1,0.08
2025-03-30,João Cancelo 101,66200000.0,70800000.0,70800000.0,1,0.06
2025-03-30,Marc Cucurella 101,72800000.0,74200000.0,74200000.0,1,0.02
2025-03-30,Nicolás Tagliafico 101,15500000.0,16900000.0,15700000.0,1,0.09
2025-03-30,Joško Gvardiol 102,146000000.0,161000000.0,150000000.0,1,0.10
2025-03-30,Vanderson 100,15800000.0,17200000.0,15800000.0,1,0.09
2025-03-30,Caio Henrique 98,15000000.0,15000000.0,15000000.0,1,0.00
2025-03-30,David López 103,98200000.0,107000000.0,104000000.0,1,0.08
2025-03-30,Pedri 101,21900000.0,24500000.0,23100000.0,1,0.11
2025-03-30,Sander Berge 102,20000000.0,20600000.0,20000000.0,1,0.03
2025-03-30,Curtis Jones 102,57100000.0,62400000.0,62400000.0,1,0.08
2025-03-30,Pedri 102,43200000.0,48400000.0,48400000.0,1,0.11
2025-03-30,Pervis Estupiñán 103,221000000.0,236000000.0,225000000.0,1,0.07
2025-03-30,Leandro Paredes 103,180000000.0,194000000.0,186000000.0,1,0.08
2025-03-30,Marcos Acuña 105,1750000000.0,2010000000.0,1880000000.0,1,0.14
2025-03-30,Daniel Muñoz 105,1440000000.0,1600000000.0,1470000000.0,1,0.11
2025-03-30,Subhasish Bose 103,39500000.0,40400000.0,40300000.0,1,0.02
2025-03-30,Sandesh Jhingan 104,104000000.0,109000000.0,109000000.0,1,0.05
2025-03-30,Anirudh Thapa 103,38100000.0,39600000.0,39600000.0,1,0.04
2025-03-30,Scott McTominay 103,29200000.0,33800000.0,33800000.0,1,0.14
2025-03-30,Nuno Tavares 103,124000000.0,139000000.0,139000000.0,1,0.11
2025-03-30,João Neves 103,60200000.0,68700000.0,68700000.0,1,0.12
2025-03-30,Fred 103,151000000.0,163000000.0,163000000.0,1,0.07
2025-03-30,Calvin Verdonk 101,194000000.0,210000000.0,206000000.0,1,0.08
2025-04-01,Joško Gvardiol 101,20700000.0,22100000.0,20800000.0,1,0.07
2025-04-01,João Cancelo 101,68600000.0,68600000.0,68600000.0,1,0.00
2025-04-01,Marc Cucurella 101,77900000.0,83900000.0,83900000.0,1,0.07
2025-04-01,Nicolás Tagliafico 101,16100000.0,17000000.0,16100000.0,1,0.06
2025-04-01,Joško Gvardiol 102,144000000.0,168000000.0,168000000.0,1,0.14
2025-04-01,Vanderson 100,16500000.0,17100000.0,16500000.0,1,0.04
2025-04-01,Caio Henrique 98,15000000.0,15000000.0,15000000.0,1,0.00
2025-04-01,David López 103,100000000.0,107000000.0,107000000.0,1,0.07
2025-04-01,Pedri 101,22600000.0,26100000.0,23500000.0,1,0.15
2025-04-01,Sander Berge 102,20000000.0,21000000.0,20000000.0,1,0.05
2025-04-01,Curtis Jones 102,60600000.0,61700000.0,60600000.0,1,0.02
2025-04-01,Pedri 102,47900000.0,49800000.0,49800000.0,1,0.04
2025-04-01,Pervis Estupiñán 103,218000000.0,226000000.0,226000000.0,1,0.04
2025-04-01,Leandro Paredes 103,171000000.0,180000000.0,178000000.0,1,0.05
2025-04-01,Marcos Acuña 105,1770000000.0,1870000000.0,1870000000.0,1,0.05
2025-04-01,Daniel Muñoz 105,1440000000.0,1560000000.0,1460000000.0,1,0.08
2025-04-01,Subhasish Bose 103,44800000.0,47500000.0,47500000.0,1,0.06
2025-04-01,Sandesh Jhingan 104,124000000.0,128000000.0,128000000.0,1,0.03
2025-04-01,Anirudh Thapa 103,39900000.0,41300000.0,41300000.0,1,0.03
2025-04-01,Scott McTominay 103,31400000.0,33400000.0,33400000.0,1,0.06
2025-04-01,Nuno Tavares 103,128000000.0,136000000.0,136000000.0,1,0.06
2025-04-01,João Neves 103,64000000.0,69600000.0,69600000.0,1,0.08
2025-04-01,Fred 103,154000000.0,178000000.0,178000000.0,1,0.13
2025-04-01,Calvin Verdonk 101,187000000.0,203000000.0,203000000.0,1,0.08
2025-04-01,Roy Keane 98,15600000.0,15600000.0,15600000.0,1,0.00
2025-04-06,Anirudh Thapa 103,0.0,41300000.0,35350000.0,2,1.17
2025-04-06,Benjamin Pavard CB 101,15000000.0,15000000.0,15000000.0,1,0.00
2025-04-06,Caio Henrique 98,15000000.0,15000000.0,15000000.0,1,0.00
2025-04-06,Calvin Verdonk 101,0.0,203000000.0,198000000.0,2,1.03
2025-04-06,Curtis Jones 102,41700000.0,61700000.0,51650000.0,2,0.39
2025-04-06,Daniel Muñoz 105,1170000000.0,1560000000.0,1370000000.0,2,0.28
2025-04-06,David López 103,90600000.0,107000000.0,102200000.0,2,0.16
2025-04-06,Fred 103,0.0,178000000.0,150000000.0,2,1.19
2025-04-06,João Cancelo 101,0.0,68600000.0,34300000.0,2,2.00
2025-04-06,João Neves 103,0.0,69600000.0,53700000.0,2,1.30
2025-04-06,Joško Gvardiol 101,20700000.0,22100000.0,20800000.0,1,0.07
2025-04-06,Joško Gvardiol 102,0.0,168000000.0,84000000.0,2,2.00
2025-04-06,Leandro Paredes 103,110000000.0,180000000.0,147500000.0,2,0.47
2025-04-06,Marc Cucurella 100,0.0,0.0,0.0,1,0.00
2025-04-06,Marc Cucurella 101,0.0,83900000.0,41950000.0,2,2.00
2025-04-06,Marcos Acuña 105,1280000000.0,1870000000.0,1645000000.0,2,0.36
2025-04-06,Nicolás Tagliafico 101,16100000.0,17000000.0,16100000.0,1,0.06
2025-04-06,Nuno Tavares 103,0.0,136000000.0,119000000.0,2,1.14
2025-04-06,Paulo Futre LM 102 4 ранг,61600000.0,63000000.0,63000000.0,1,0.02
2025-04-06,Pedri 101,22600000.0,26100000.0,23500000.0,1,0.15
2025-04-06,Pedri 102,0.0,49800000.0,24900000.0,2,2.00
2025-04-06,Pervis Estupiñán 103,179000000.0,226000000.0,213500000.0,2,0.22
2025-04-06,Rahul Bheke 104 RB,129000000.0,136000000.0,136000000.0,1,0.05
2025-04-06,Rico Lewis 101,0.0,20500000.0,20500000.0,1,1.00
2025-04-06,Rodrigo De Paul 103,54800000.0,61200000.0,61200000.0,1,0.10
2025-04-06,Roy Keane 98,0.0,19000000.0,7800000.0,2,2.44
2025-04-06,Sander Berge 102,20000000.0,21000000.0,20000000.0,1,0.05
2025-04-06,Sandesh Jhingan 104,124000000.0,139000000.0,133500000.0,2,0.11
2025-04-06,Scott McTominay 103,20000000.0,33400000.0,27050000.0,2,0.50
2025-04-06,Subhasish Bose 103,0.0,47500000.0,45050000.0,2,1.05
2025-04-06,Vanderson 100,16500000.0,17100000.0,16500000.0,1,0.04
2025-04-07,Anirudh Thapa 103,0.0,41300000.0,34133333.3,3,1.21
2025-04-07,Benjamin Pavard CB 101,15000000.0,15000000.0,15000000.0,2,0.00
2025-04-07,Caio Henrique 98,15000000.0,15000000.0,15000000.0,1,0.00
2025-04-07,Calvin Verdonk 101,0.0,203000000.0,194333333.3,3,1.04
2025-04-07,Curtis Jones 102,41700000.0,61700000.0,50233333.3,3,0.40
2025-04-07,Daniel Muñoz 105,1170000000.0,1560000000.0,1353333333.3,3,0.29
2025-04-07,David López 103,0.0,107000000.0,101133333.3,3,1.06
2025-04-07,Fred 103,0.0,178000000.0,144333333.3,3,1.23
2025-04-07,João Cancelo 101,0.0,68600000.0,22866666.7,3,3.00
2025-04-07,João Neves 103,0.0,69600000.0,49500000.0,3,1.41
2025-04-07,Joško Gvardiol 101,20700000.0,22100000.0,20800000.0,1,0.07
2025-04-07,Joško Gvardiol 102,0.0,168000000.0,56000000.0,3,3.00
2025-04-07,Leandro Paredes 103,110000000.0,180000000.0,138666666.7,3,0.50
2025-04-07,Marc Cucurella 100,0.0,0.0,0.0,2,0.00
2025-04-07,Marc Cucurella 101,0.0,83900000.0,50700000.0,3,1.65
2025-04-07,Marcos Acuña 105,0.0,1870000000.0,1590000000.0,3,1.18
2025-04-07,Nicolás Tagliafico 101,16100000.0,17000000.0,16100000.0,1,0.06
2025-04-07,Nuno Tavares 103,0.0,136000000.0,114000000.0,3,1.19
2025-04-07,Paulo Futre LM 102 4 ранг,0.0,63400000.0,31500000.0,2,2.01
2025-04-07,Pedri 101,22600000.0,26100000.0,23500000.0,1,0.15
2025-04-07,Pedri 102,0.0,49800000.0,16600000.0,3,3.00
2025-04-07,Pervis Estupiñán 103,179000000.0,226000000.0,209666666.7,3,0.22
2025-04-07,Rahul Bheke 104 RB,129000000.0,151000000.0,141500000.0,2,0.16
2025-04-07,Rico Lewis 101,0.0,20500000.0,20500000.0,1,1.00
2025-04-07,Rodrigo De Paul 103,54800000.0,69800000.0,63550000.0,2,0.24
2025-04-07,Roy Keane 98,0.0,19000000.0,5200000.0,3,3.65
2025-04-07,Sander Berge 102,20000000.0,21000000.0,20000000.0,1,0.05
2025-04-07,Sandesh Jhingan 104,0.0,157000000.0,141000000.0,3,1.11
2025-04-07,Scott McTominay 103,0.0,33400000.0,25000000.0,3,1.34
2025-04-07,Subhasish Bose 103,0.0,47500000.0,44666666.7,3,1.06
2025-04-07,Vanderson 100,16500000.0,17100000.0,16500000.0,1,0.04
2025-04-08,Anirudh Thapa 103,0.0,31700000.0,30900000.0,3,1.03
2025-04-08,Benjamin Pavard CB 101,0.0,15100000.0,10000000.0,3,1.51
2025-04-08,Calvin Verdonk 101,0.0,193000000.0,189333333.3,3,1.02
2025-04-08,Cristian Romero 104,401000000.0,434000000.0,424000000.0,1,0.08
2025-04-08,Curtis Jones 102,41700000.0,48000000.0,46000000.0,3,0.14
2025-04-08,Daniel Muñoz 105,1170000000.0,1350000000.0,1296666666.7,3,0.14
2025-04-08,David López 103,0.0,109000000.0,101800000.0,3,1.07
2025-04-08,Dávid Hancko 104,312000000.0,336000000.0,327000000.0,1,0.07
2025-04-08,Felix Nmecha 103,208000000.0,223000000.0,216000000.0,1,0.07
2025-04-08,Fred 103,0.0,137000000.0,85000000.0,3,1.61
2025-04-08,Jonathan Clauss 103,0.0,144000000.0,0.0,1,inf
2025-04-08,José Fonte 104,296000000.0,306000000.0,300000000.0,1,0.03
2025-04-08,João Cancelo 101,0.0,56400000.0,0.0,2,inf
2025-04-08,João Neves 103,0.0,42900000.0,39700000.0,3,1.08
2025-04-08,Joško Gvardiol 102,0.0,133000000.0,0.0,2,inf
2025-04-08,Lallianzuala Chhangte 105,0.0,299000000.0,290000000.0,1,1.03
2025-04-08,Leandro Paredes 103,0.0,128000000.0,120000000.0,3,1.07
2025-04-08,Marc Cucurella 100,0.0,0.0,0.0,2,0.00
2025-04-08,Marc Cucurella 101,0.0,70100000.0,34100000.0,2,2.06
2025-04-08,Marcos Acuña 105,0.0,1490000000.0,1450000000.0,3,1.03
2025-04-08,Noussair Mazraoui 104,0.0,497000000.0,0.0,1,inf
2025-04-08,Nuno Tavares 103,0.0,106000000.0,102000000.0,3,1.04
2025-04-08,Orkun Kökçü 104,0.0,544000000.0,523000000.0,1,1.04
2025-04-08,Paulo Futre LM 102 4 ранг,0.0,64600000.0,21000000.0,3,3.08
2025-04-08,Pedri 102,0.0,33800000.0,0.0,3,inf
2025-04-08,Pervis Estupiñán 103,0.0,207000000.0,198333333.3,3,1.04
2025-04-08,Rahul Bheke 104 RB,0.0,151000000.0,139666666.7,3,1.08
2025-04-08,Rico Lewis 101,0.0,20500000.0,20500000.0,1,1.00
2025-04-08,Rodrigo De Paul 103,0.0,69800000.0,42366666.7,3,1.65
2025-04-08,Roy Keane 98,0.0,19000000.0,0.0,2,inf
2025-04-08,Ryan Gravenberch 103,195000000.0,202000000.0,199000000.0,1,0.04
2025-04-08,Sandesh Jhingan 104,0.0,157000000.0,148000000.0,3,1.06
2025-04-08,Scott McTominay 103,0.0,21700000.0,13866666.7,3,1.56
2025-04-08,Stanislav Lobotka 104,0.0,352000000.0,352000000.0,1,1.00
2025-04-08,Subhasish Bose 103,0.0,45000000.0,43666666.7,3,1.03
2025-04-08,Waldemar Anton 103,0.0,118000000.0,116000000.0,1,1.02
2025-04-08,Warren Zaïre Emery 103,118000000.0,124000000.0,121000000.0,1,0.05
2025-04-09,Anirudh Thapa 103,0.0,31700000.0,30775000.0,4,1.03
2025-04-09,Benjamin Pavard CB 101,0.0,15100000.0,11275000.0,4,1.34
2025-04-09,Calvin Verdonk 101,0.0,193000000.0,188500000.0,4,1.02
2025-04-09,Cristian Romero 104,401000000.0,451000000.0,422500000.0,2,0.12
2025-04-09,Curtis Jones 102,0.0,48000000.0,45850000.0,4,1.05
2025-04-09,Daniel Muñoz 105,0.0,1350000000.0,1295000000.0,4,1.04
2025-04-09,David López 103,0.0,109000000.0,102850000.0,4,1.06
2025-04-09,Dávid Hancko 104,312000000.0,343000000.0,324000000.0,2,0.10
2025-04-09,Felix Nmecha 103,208000000.0,224000000.0,212500000.0,2,0.08
2025-04-09,Fred 103,0.0,138000000.0,98000000.0,4,1.41
2025-04-09,Jonathan Clauss 103,0.0,144000000.0,65000000.0,2,2.22
2025-04-09,José Fonte 104,296000000.0,313000000.0,304500000.0,2,0.06
2025-04-09,João Cancelo 101,0.0,56400000.0,0.0,2,inf
2025-04-09,João Neves 103,0.0,42900000.0,39450000.0,4,1.09
2025-04-09,Joško Gvardiol 102,0.0,133000000.0,0.0,2,inf
2025-04-09,Lallianzuala Chhangte 105,0.0,299000000.0,285000000.0,2,1.05
2025-04-09,Leandro Paredes 103,0.0,128000000.0,120250000.0,4,1.06
2025-04-09,Marc Cucurella 100,0.0,0.0,0.0,2,0.00
2025-04-09,Marc Cucurella 101,0.0,70100000.0,34100000.0,2,2.06
2025-04-09,Marcos Acuña 105,0.0,1510000000.0,1465000000.0,4,1.03
2025-04-09,Noussair Mazraoui 104,0.0,497000000.0,237500000.0,2,2.09
2025-04-09,Nuno Tavares 103,0.0,106000000.0,101300000.0,4,1.05
2025-04-09,Orkun Kökçü 104,0.0,544000000.0,518000000.0,2,1.05
2025-04-09,Paulo Futre LM 102 4 ранг,0.0,64600000.0,31400000.0,4,2.06
2025-04-09,Pedri 102,0.0,33800000.0,7075000.0,4,4.78
2025-04-09,Pervis Estupiñán 103,0.0,207000000.0,199500000.0,4,1.04
2025-04-09,Rahul Bheke 104 RB,0.0,151000000.0,137750000.0,4,1.10
2025-04-09,Rico Lewis 101,0.0,20500000.0,20500000.0,1,1.00
2025-04-09,Rodrigo De Paul 103,0.0,69800000.0,46825000.0,4,1.49
2025-04-09,Roy Keane 98,0.0,19000000.0,0.0,2,inf
2025-04-09,Ryan Gravenberch 103,194000000.0,202000000.0,199000000.0,2,0.04
2025-04-09,Sandesh Jhingan 104,0.0,157000000.0,147500000.0,4,1.06
2025-04-09,Scott McTominay 103,0.0,21700000.0,15500000.0,4,1.40
2025-04-09,Stanislav Lobotka 104,0.0,362000000.0,356000000.0,2,1.02
2025-04-09,Subhasish Bose 103,0.0,45000000.0,43200000.0,4,1.04
2025-04-09,Waldemar Anton 103,0.0,118000000.0,115000000.0,2,1.03
2025-04-09,Warren Zaïre Emery 103,0.0,124000000.0,116500000.0,2,1.06
2025-04-10,Anirudh Thapa 103,0.0,31700000.0,30640000.0,5,1.03
2025-04-10,Benjamin Pavard CB 101,0.0,15100000.0,12040000.0,5,1.25
2025-04-10,Calvin Verdonk 101,0.0,208000000.0,192400000.0,5,1.08
2025-04-10,Cristian Romero 104,392000000.0,451000000.0,415333333.3,3,0.14
2025-04-10,Curtis Jones 102,0.0,48000000.0,45180000.0,5,1.06
2025-04-10,Daniel Muñoz 105,0.0,1350000000.0,1302000000.0,5,1.04
2025-04-10,David López 103,0.0,109000000.0,103480000.0,5,1.05
2025-04-10,Dávid Hancko 104,312000000.0,343000000.0,323333333.3,3,0.10
2025-04-10,Felix Nmecha 103,207000000.0,242000000.0,221666666.7,3,0.16
2025-04-10,Fred 103,0.0,141000000.0,105000000.0,5,1.34
2025-04-10,Jonathan Clauss 103,0.0,144000000.0,87333333.3,3,1.65
2025-04-10,José Fonte 104,292000000.0,313000000.0,301333333.3,3,0.07
2025-04-10,João Cancelo 101,0.0,56400000.0,0.0,2,inf
2025-04-10,João Neves 103,0.0,42900000.0,38840000.0,5,1.10
2025-04-10,Joško Gvardiol 102,0.0,133000000.0,0.0,2,inf
2025-04-10,Lallianzuala Chhangte 105,0.0,299000000.0,282333333.3,3,1.06
2025-04-10,Leandro Paredes 103,0.0,129000000.0,119200000.0,5,1.08
2025-04-10,Marc Cucurella 100,0.0,0.0,0.0,2,0.00
2025-04-10,Marc Cucurella 101,0.0,70100000.0,34100000.0,2,2.06
2025-04-10,Marcos Acuña 105,0.0,1520000000.0,1466000000.0,5,1.04
2025-04-10,Noussair Mazraoui 104,0.0,505000000.0,313666666.7,3,1.61
2025-04-10,Nuno Tavares 103,0.0,106000000.0,100600000.0,5,1.05
2025-04-10,Orkun Kökçü 104,0.0,559000000.0,521000000.0,3,1.07
2025-04-10,Paulo Futre LM 102 4 ранг,0.0,64600000.0,37680000.0,5,1.71
2025-04-10,Pedri 102,0.0,33800000.0,11060000.0,5,3.06
2025-04-10,Pervis Estupiñán 103,0.0,207000000.0,200000000.0,5,1.03
2025-04-10,Rahul Bheke 104 RB,0.0,151000000.0,137200000.0,5,1.10
2025-04-10,Rico Lewis 101,0.0,20500000.0,20500000.0,1,1.00
2025-04-10,Rodrigo De Paul 103,0.0,69800000.0,48820000.0,5,1.43
2025-04-10,Roy Keane 98,0.0,19000000.0,0.0,2,inf
2025-04-10,Ryan Gravenberch 103,194000000.0,217000000.0,202000000.0,3,0.11
2025-04-10,Sandesh Jhingan 104,0.0,157000000.0,147000000.0,5,1.07
2025-04-10,Scott McTominay 103,0.0,21700000.0,16400000.0,5,1.32
2025-04-10,Stanislav Lobotka 104,0.0,365000000.0,353333333.3,3,1.03
2025-04-10,Subhasish Bose 103,0.0,45000000.0,42980000.0,5,1.05
2025-04-10,Waldemar Anton 103,0.0,118000000.0,113333333.3,3,1.04
2025-04-10,Warren Zaïre Emery 103,0.0,124000000.0,116666666.7,3,1.06
2025-04-11,Anirudh Thapa 103,0.0,32800000.0,31000000.0,6,1.06
2025-04-11,Benjamin Pavard CB 101,0.0,15600000.0,12583333.3,6,1.24
2025-04-11,Calvin Verdonk 101,0.0,263000000.0,204166666.7,6,1.29
2025-04-11,Cristian Romero 104,338000000.0,451000000.0,398250000.0,4,0.28
2025-04-11,Curtis Jones 102,0.0,48000000.0,45416666.7,6,1.06
2025-04-11,Daniel Muñoz 105,0.0,1350000000.0,1291666666.7,6,1.05
2025-04-11,David López 103,0.0,110000000.0,102533333.3,6,1.07
2025-04-11,Dávid Hancko 104,292000000.0,343000000.0,316000000.0,4,0.16
2025-04-11,Felix Nmecha 103,207000000.0,242000000.0,225250000.0,4,0.16
2025-04-11,Fred 103,0.0,141000000.0,108666666.7,6,1.30
2025-04-11,Jonathan Clauss 103,0.0,144000000.0,98250000.0,4,1.47
2025-04-11,José Fonte 104,292000000.0,327000000.0,305500000.0,4,0.11
2025-04-11,João Cancelo 101,0.0,56400000.0,0.0,2,inf
2025-04-11,João Neves 103,0.0,50800000.0,40833333.3,6,1.24
2025-04-11,Joško Gvardiol 102,0.0,133000000.0,0.0,2,inf
2025-04-11,Lallianzuala Chhangte 105,0.0,299000000.0,282000000.0,4,1.06
2025-04-11,Leandro Paredes 103,0.0,129000000.0,118000000.0,6,1.09
2025-04-11,Marc Cucurella 100,0.0,0.0,0.0,2,0.00
2025-04-11,Marc Cucurella 101,0.0,70100000.0,34100000.0,2,2.06
2025-04-11,Marcos Acuña 105,0.0,1520000000.0,1473333333.3,6,1.03
2025-04-11,Noussair Mazraoui 104,0.0,505000000.0,343750000.0,4,1.47
2025-04-11,Nuno Tavares 103,0.0,127000000.0,105000000.0,6,1.21
2025-04-11,Orkun Kökçü 104,0.0,564000000.0,510000000.0,4,1.11
2025-04-11,Paulo Futre LM 102 4 ранг,0.0,64600000.0,41166666.7,6,1.57
2025-04-11,Pedri 102,0.0,41500000.0,16133333.3,6,2.57
2025-04-11,Pervis Estupiñán 103,0.0,208000000.0,199666666.7,6,1.04
2025-04-11,Rahul Bheke 104 RB,0.0,151000000.0,137200000.0,5,1.10
2025-04-11,Rico Lewis 101,0.0,20500000.0,20500000.0,1,1.00
2025-04-11,Rodrigo De Paul 103,0.0,77900000.0,53666666.7,6,1.45
2025-04-11,Roy Keane 98,0.0,19000000.0,0.0,2,inf
2025-04-11,Ryan Gravenberch 103,194000000.0,218000000.0,205500000.0,4,0.12
2025-04-11,Sandesh Jhingan 104,0.0,157000000.0,144833333.3,6,1.08
2025-04-11,Scott McTominay 103,0.0,25400000.0,17900000.0,6,1.42
2025-04-11,Stanislav Lobotka 104,0.0,365000000.0,345000000.0,4,1.06
2025-04-11,Subhasish Bose 103,0.0,45700000.0,43433333.3,6,1.05
2025-04-11,Waldemar Anton 103,0.0,118000000.0,112000000.0,4,1.05
2025-04-11,Warren Zaïre Emery 103,0.0,124000000.0,116000000.0,4,1.07
2025-04-12,Anirudh Thapa 103,0.0,39700000.0,32242857.1,7,1.23
2025-04-12,Benjamin Pavard CB 101,0.0,16400000.0,13057142.9,7,1.26
2025-04-12,Calvin Verdonk 101,0.0,288000000.0,216142857.1,7,1.33
2025-04-12,Cristian Romero 104,335000000.0,451000000.0,390600000.0,5,0.30
2025-04-12,Curtis Jones 102,0.0,51600000.0,46271428.6,7,1.12
2025-04-12,Daniel Muñoz 105,0.0,1350000000.0,1265714285.7,7,1.07
2025-04-12,David López 103,0.0,110000000.0,102314285.7,7,1.08
2025-04-12,Dávid Hancko 104,291000000.0,343000000.0,314400000.0,5,0.17
2025-04-12,Felix Nmecha 103,207000000.0,258000000.0,231800000.0,5,0.22
2025-04-12,Fred 103,0.0,147000000.0,113571428.6,7,1.29
2025-04-12,Jonathan Clauss 103,0.0,144000000.0,105200000.0,5,1.37
2025-04-12,José Fonte 104,292000000.0,327000000.0,307400000.0,5,0.11
2025-04-12,João Cancelo 101,0.0,56400000.0,0.0,2,inf
2025-04-12,João Neves 103,0.0,71400000.0,45200000.0,7,1.58
2025-04-12,Joško Gvardiol 102,0.0,133000000.0,0.0,2,inf
2025-04-12,Lallianzuala Chhangte 105,0.0,299000000.0,284200000.0,5,1.05
2025-04-12,Leandro Paredes 103,0.0,129000000.0,118142857.1,7,1.09
2025-04-12,Marc Cucurella 100,0.0,0.0,0.0,2,0.00
2025-04-12,Marc Cucurella 101,0.0,70100000.0,34100000.0,2,2.06
2025-04-12,Marcos Acuña 105,0.0,1520000000.0,1475714285.7,7,1.03
2025-04-12,Noussair Mazraoui 104,0.0,505000000.0,362600000.0,5,1.39
2025-04-12,Nuno Tavares 103,0.0,156000000.0,112285714.3,7,1.39
2025-04-12,Orkun Kökçü 104,0.0,564000000.0,511400000.0,5,1.10
2025-04-12,Paulo Futre LM 102 4 ранг,0.0,64600000.0,43914285.7,7,1.47
2025-04-12,Pedri 102,0.0,51500000.0,21185714.3,7,2.43
2025-04-12,Pervis Estupiñán 103,0.0,215000000.0,200857142.9,7,1.07
2025-04-12,Rahul Bheke 104 RB,0.0,151000000.0,137200000.0,5,1.10
2025-04-12,Rico Lewis 101,0.0,20500000.0,20500000.0,1,1.00
2025-04-12,Rodrigo De Paul 103,0.0,102000000.0,60571428.6,7,1.68
2025-04-12,Roy Keane 98,0.0,19000000.0,0.0,2,inf
2025-04-12,Ryan Gravenberch 103,194000000.0,218000000.0,207800000.0,5,0.12
2025-04-12,Sandesh Jhingan 104,0.0,157000000.0,144428571.4,7,1.09
2025-04-12,Scott McTominay 103,0.0,35100000.0,20357142.9,7,1.72
2025-04-12,Stanislav Lobotka 104,0.0,365000000.0,344000000.0,5,1.06
2025-04-12,Subhasish Bose 103,0.0,51500000.0,44585714.3,7,1.16
2025-04-12,Waldemar Anton 103,0.0,119000000.0,113400000.0,5,1.05
2025-04-12,Warren Zaïre Emery 103,0.0,128000000.0,118400000.0,5,1.08
2025-04-14,Anirudh Thapa 103,0.0,43200000.0,34633333.3,6,1.25
2025-04-14,Benjamin Pavard CB 101,0.0,17200000.0,13100000.0,6,1.31
2025-04-14,Calvin Verdonk 101,0.0,288000000.0,229000000.0,6,1.26
2025-04-14,Cristian Romero 104,335000000.0,451000000.0,384000000.0,6,0.30
2025-04-14,Curtis Jones 102,0.0,56200000.0,48333333.3,6,1.16
2025-04-14,Daniel Muñoz 105,0.0,1350000000.0,1233333333.3,6,1.09
2025-04-14,David López 103,0.0,114000000.0,105633333.3,6,1.08
2025-04-14,Dávid Hancko 104,291000000.0,343000000.0,311666666.7,6,0.17
2025-04-14,Felix Nmecha 103,207000000.0,282000000.0,240166666.7,6,0.31
2025-04-14,Fred 103,0.0,151000000.0,115166666.7,6,1.31
2025-04-14,Jonathan Clauss 103,0.0,144000000.0,111000000.0,6,1.30
2025-04-14,José Fonte 104,292000000.0,327000000.0,310666666.7,6,0.11
2025-04-14,João Neves 103,0.0,86000000.0,53916666.7,6,1.60
2025-04-14,Joško Gvardiol 100,25400000.0,25400000.0,25400000.0,1,0.00
2025-04-14,Joško Gvardiol 101,28000000.0,28000000.0,28000000.0,1,0.00
2025-04-14,Joško Gvardiol 102,153000000.0,153000000.0,153000000.0,1,0.00
2025-04-14,Lallianzuala Chhangte 105,0.0,300000000.0,286833333.3,6,1.05
2025-04-14,Leandro Paredes 103,0.0,131000000.0,120000000.0,6,1.09
2025-04-14,Marcos Acuña 105,0.0,1520000000.0,1460000000.0,6,1.04
2025-04-14,Noussair Mazraoui 104,0.0,505000000.0,362600000.0,5,1.39
2025-04-14,Nuno Tavares 103,0.0,156000000.0,116000000.0,5,1.34
2025-04-14,Orkun Kökçü 104,0.0,564000000.0,511400000.0,5,1.10
2025-04-14,Paulo Futre LM 102 4 ранг,0.0,64600000.0,48880000.0,5,1.32
2025-04-14,Pedri 102,0.0,51500000.0,29660000.0,5,1.74
2025-04-14,Pervis Estupiñán 103,0.0,215000000.0,200600000.0,5,1.07
2025-04-14,Rahul Bheke 104 RB,0.0,147000000.0,134333333.3,3,1.09
2025-04-14,Rodrigo De Paul 103,0.0,102000000.0,59380000.0,5,1.72
2025-04-14,Ryan Gravenberch 103,194000000.0,218000000.0,207800000.0,5,0.12
2025-04-14,Sandesh Jhingan 104,129000000.0,156000000.0,143200000.0,5,0.19
2025-04-14,Scott McTominay 103,0.0,35100000.0,20180000.0,5,1.74
2025-04-14,Stanislav Lobotka 104,0.0,365000000.0,344000000.0,5,1.06
2025-04-14,Subhasish Bose 103,0.0,51500000.0,45120000.0,5,1.14
2025-04-14,Waldemar Anton 103,0.0,119000000.0,113400000.0,5,1.05
2025-04-14,Warren Zaïre Emery 103,0.0,128000000.0,118400000.0,5,1.08
2025-04-16,Anirudh Thapa 103,29800000.0,48400000.0,38840000.0,5,0.48
2025-04-16,Benjamin Pavard CB 101,15000000.0,19600000.0,16380000.0,5,0.28
2025-04-16,Calvin Verdonk 101,186000000.0,288000000.0,244800000.0,5,0.42
2025-04-16,Clément Akpa 99,25000000.0,28900000.0,25000000.0,1,0.16
2025-04-16,Cristian Romero 104,303000000.0,426000000.0,359200000.0,5,0.34
2025-04-16,Curtis Jones 102,40800000.0,61500000.0,51640000.0,5,0.40
2025-04-16,Daniel Muñoz 105,1020000000.0,1350000000.0,1178000000.0,5,0.28
2025-04-16,David López 103,97300000.0,114000000.0,105960000.0,5,0.16
2025-04-16,Dean James 99,26800000.0,31500000.0,26800000.0,1,0.18
2025-04-16,Denis Vavro 99,32000000.0,35800000.0,32000000.0,1,0.12
2025-04-16,Dávid Hancko 104,286000000.0,337000000.0,307400000.0,5,0.17
2025-04-16,Felix Nmecha 103,207000000.0,282000000.0,249200000.0,5,0.30
2025-04-16,Fred 103,120000000.0,160000000.0,142800000.0,5,0.28
2025-04-16,Hiroki Sakai 99,23500000.0,26000000.0,24200000.0,1,0.10
2025-04-16,Jay O Shea 99,23400000.0,25900000.0,23400000.0,1,0.11
2025-04-16,Jonathan Clauss 103,128000000.0,142000000.0,135600000.0,5,0.10
2025-04-16,José Fonte 104,292000000.0,329000000.0,316800000.0,5,0.12
2025-04-16,João Neves 103,34200000.0,100000000.0,68920000.0,5,0.95
2025-04-16,Joško Gvardiol 100,25400000.0,30200000.0,27250000.0,2,0.18
2025-04-16,Joško Gvardiol 101,28000000.0,33600000.0,30800000.0,2,0.18
2025-04-16,Joško Gvardiol 102,153000000.0,178000000.0,159000000.0,2,0.16
2025-04-16,Lallianzuala Chhangte 105,268000000.0,311000000.0,290400000.0,5,0.15
2025-04-16,Leandro Paredes 103,106000000.0,132000000.0,121600000.0,5,0.21
2025-04-16,Marcos Acuña 105,1280000000.0,1520000000.0,1434000000.0,5,0.17
2025-04-16,Maxim De Cuyper 98,17200000.0,18900000.0,17500000.0,1,0.10
2025-04-16,Michael Kayode 100,18000000.0,19400000.0,18000000.0,1,0.08
2025-04-16,Noussair Mazraoui 104,415000000.0,505000000.0,447000000.0,4,0.20
2025-04-16,Nuno Tavares 103,92500000.0,192000000.0,143200000.0,4,0.69
2025-04-16,Orkun Kökçü 104,463000000.0,564000000.0,504750000.0,4,0.20
2025-04-16,Paulo Futre LM 102 4 ранг,57600000.0,90600000.0,68050000.0,4,0.48
2025-04-16,Pedri 102,25200000.0,71600000.0,47900000.0,4,0.97
2025-04-16,Pervis Estupiñán 103,192000000.0,226000000.0,208500000.0,4,0.16
2025-04-16,Rahul Bheke 104 RB,130000000.0,148000000.0,141500000.0,2,0.13
2025-04-16,Rodrigo De Paul 103,53800000.0,131000000.0,91925000.0,4,0.84
2025-04-16,Ryan Gravenberch 103,200000000.0,230000000.0,216500000.0,4,0.14
2025-04-16,Sander Berge 102,25400000.0,27200000.0,27200000.0,1,0.07
2025-04-16,Sandesh Jhingan 104,129000000.0,157000000.0,144500000.0,4,0.19
2025-04-16,Scott McTominay 103,20000000.0,56300000.0,34200000.0,4,1.06
2025-04-16,Stanislav Lobotka 104,308000000.0,365000000.0,339250000.0,4,0.17
2025-04-16,Subhasish Bose 103,39800000.0,60700000.0,50000000.0,4,0.42
2025-04-16,Waldemar Anton 103,104000000.0,124000000.0,115250000.0,4,0.17
2025-04-16,Warren Zaïre Emery 103,108000000.0,146000000.0,125500000.0,4,0.30
2025-04-17,Anirudh Thapa 103,29800000.0,51400000.0,43100000.0,5,0.50
2025-04-17,Benjamin Pavard CB 101,15000000.0,20200000.0,17120000.0,5,0.30
2025-04-17,Calvin Verdonk 101,190000000.0,288000000.0,247400000.0,5,0.40
2025-04-17,Clément Akpa 99,24700000.0,28900000.0,25300000.0,2,0.17
2025-04-17,Cristian Romero 104,303000000.0,420000000.0,343800000.0,5,0.34
2025-04-17,Curtis Jones 102,41500000.0,64000000.0,55380000.0,5,0.41
2025-04-17,Daniel Muñoz 105,1020000000.0,1350000000.0,1126000000.0,5,0.29
2025-04-17,David López 103,97300000.0,121000000.0,108360000.0,5,0.22
2025-04-17,Dean James 99,25600000.0,31500000.0,26950000.0,2,0.22
2025-04-17,Denis Vavro 99,29600000.0,35800000.0,30800000.0,2,0.20
2025-04-17,Dávid Hancko 104,285000000.0,335000000.0,303000000.0,5,0.17
2025-04-17,Felix Nmecha 103,209000000.0,282000000.0,252000000.0,5,0.29
2025-04-17,Fred 103,120000000.0,160000000.0,147400000.0,5,0.27
2025-04-17,Hiroki Sakai 99,23500000.0,26500000.0,24650000.0,2,0.12
2025-04-17,Jay O Shea 99,23400000.0,26000000.0,24450000.0,2,0.11
2025-04-17,Jonathan Clauss 103,128000000.0,144000000.0,137400000.0,5,0.12
2025-04-17,José Fonte 104,293000000.0,331000000.0,322800000.0,5,0.12
2025-04-17,João Neves 103,37200000.0,100000000.0,81640000.0,5,0.77
2025-04-17,Joško Gvardiol 100,25400000.0,30700000.0,28166666.7,3,0.19
2025-04-17,Joško Gvardiol 101,28000000.0,34000000.0,31866666.7,3,0.19
2025-04-17,Joško Gvardiol 102,153000000.0,178000000.0,160666666.7,3,0.16
2025-04-17,Lallianzuala Chhangte 105,268000000.0,327000000.0,300400000.0,5,0.20
2025-04-17,Leandro Paredes 103,106000000.0,138000000.0,125400000.0,5,0.26
2025-04-17,Marcos Acuña 105,1260000000.0,1520000000.0,1424000000.0,5,0.18
2025-04-17,Maxim De Cuyper 98,16000000.0,18900000.0,16750000.0,2,0.17
2025-04-17,Michael Kayode 100,17400000.0,19900000.0,18250000.0,2,0.14
2025-04-17,Noussair Mazraoui 104,401000000.0,475000000.0,436250000.0,4,0.17
2025-04-17,Nuno Tavares 103,97100000.0,195000000.0,167500000.0,4,0.58
2025-04-17,Orkun Kökçü 104,459000000.0,564000000.0,503000000.0,4,0.21
2025-04-17,Paulo Futre LM 102 4 ранг,57600000.0,94600000.0,76000000.0,4,0.49
2025-04-17,Pedri 102,27800000.0,75300000.0,59975000.0,4,0.79
2025-04-17,Pervis Estupiñán 103,192000000.0,230000000.0,214000000.0,4,0.18
2025-04-17,Rahul Bheke 104 RB,138000000.0,153000000.0,150500000.0,2,0.10
2025-04-17,Rodrigo De Paul 103,57700000.0,140000000.0,111975000.0,4,0.73
2025-04-17,Ryan Gravenberch 103,201000000.0,233000000.0,222750000.0,4,0.14
2025-04-17,Sander Berge 102,25400000.0,29300000.0,28250000.0,2,0.14
2025-04-17,Sandesh Jhingan 104,129000000.0,166000000.0,149750000.0,4,0.25
2025-04-17,Scott McTominay 103,20000000.0,60700000.0,44375000.0,4,0.92
2025-04-17,Stanislav Lobotka 104,308000000.0,355000000.0,341000000.0,4,0.14
2025-04-17,Subhasish Bose 103,41900000.0,63900000.0,55450000.0,4,0.40
2025-04-17,Waldemar Anton 103,104000000.0,128000000.0,119750000.0,4,0.20
2025-04-17,Warren Zaïre Emery 103,108000000.0,148000000.0,133250000.0,4,0.30
